-- قاعدة بيانات إدارة علاقات العملاء - أوريدو للشركات (عربي)
-- تم إنشاؤها لتدريب مساعد الذكاء الاصطناعي للشركات الصغيرة والمتوسطة
-- تحتوي على أكثر من 100 سجل لعملاء الشركات

-- إنشاء مخطط قاعدة البيانات
-- Removed MySQL directive: CREATE DATABASE ooredoo_crm_ar;
-- Removed MySQL directive: USE ooredoo_crm_ar;

-- جدول العملاء
CREATE TABLE IF NOT EXISTS customers (
    customer_id TEXT(20) PRIMARY KEY,
    company_name TEXT(200) NOT NULL,
    industry_sector TEXT(50) NOT NULL,
    service_tier TEXT(20) NOT NULL,
    sla_level TEXT(20) NOT NULL,
    registration_date TEXT NOT NULL,
    monthly_spend REAL(10, 2) NOT NULL,
    account_manager TEXT(100),
    payment_history TEXT(20),
    credit_limit REAL(10, 2),
    company_size TEXT(20),
    address TEXT,
    city TEXT(50),
    phone TEXT(20),
    email TEXT(100),
    status TEXT(20)
);

INSERT INTO customers VALUES ('SME000201', 'شركة التقنية المتقدمة', 'المالية', 'فضي', 'قياسي', '2023-08-25', 14633.58, 'محمد الثاني', 'ممتاز', 36235.17, 'صغير (1-10)', 'مبنى 1، منطقة 58', 'الوكرة', '+974-6413-5717', 'info@sme000201.qa', 'نشط');
INSERT INTO customers VALUES ('SME000202', 'مجموعة الخليج التجارية', 'التعليم', 'فضي', 'مؤسسي', '2021-12-01', 5036.75, 'سارة أحمد', 'جيد', 29529.47, 'متوسط (11-50)', 'مبنى 2، منطقة 88', 'الخور', '+974-7955-3257', 'info@sme000202.qa', 'معلق');
INSERT INTO customers VALUES ('SME000203', 'مؤسسة النور للإنشاءات', 'التعليم', 'فضي', 'متميز', '2021-07-27', 3536.11, 'نورة السليطي', 'متوسط', 11892.78, 'صغير (1-10)', 'مبنى 3، منطقة 79', 'أم صلال', '+974-7746-9030', 'info@sme000203.qa', 'نشط');
INSERT INTO customers VALUES ('SME000204', 'شركة الأفق للتكنولوجيا', 'اللوجستيات', 'برونزي', 'قياسي', '2022-04-21', 13514.64, 'نورة السليطي', 'يحتاج متابعة', 38727.95, 'متوسط (11-50)', 'مبنى 4، منطقة 48', 'الدوحة', '+974-8252-6441', 'info@sme000204.qa', 'نشط');
INSERT INTO customers VALUES ('SME000205', 'مركز الرعاية الصحية الحديث', 'المالية', 'ذهبي', 'أعمال', '2019-10-15', 1920.14, 'فاطمة المري', 'جيد', 4044.95, 'صغير (1-10)', 'مبنى 5، منطقة 80', 'الوكرة', '+974-7683-2063', 'info@sme000205.qa', 'نشط');
INSERT INTO customers VALUES ('SME000206', 'شركة اللؤلؤة للتجارة', 'حكومي', 'بلاتيني', 'قياسي', '2022-06-24', 4569.42, 'فاطمة المري', 'ممتاز', 23320.0, 'صغير (1-10)', 'مبنى 6، منطقة 96', 'الوكرة', '+974-7926-6026', 'info@sme000206.qa', 'نشط');
INSERT INTO customers VALUES ('SME000207', 'مؤسسة الابتكار الرقمي', 'اللوجستيات', 'برونزي', 'مؤسسي', '2021-11-10', 12438.85, 'مريم الدوسري', 'يحتاج متابعة', 72430.72, 'كبير (51-200)', 'مبنى 7، منطقة 65', 'الريان', '+974-4566-5099', 'info@sme000207.qa', 'معلق');
INSERT INTO customers VALUES ('SME000208', 'شركة النجاح للخدمات اللوجستية', 'المالية', 'بلاتيني', 'قياسي', '2023-08-09', 511.47, 'فاطمة المري', 'جيد', 1417.92, 'كبير (51-200)', 'مبنى 8، منطقة 85', 'الشمال', '+974-5279-3115', 'info@sme000208.qa', 'معلق');
INSERT INTO customers VALUES ('SME000209', 'مجموعة التميز التعليمي', 'التصنيع', 'ذهبي', 'مؤسسي', '2019-08-31', 7614.05, 'خالد الأنصاري', 'ممتاز', 20661.48, 'صغير (1-10)', 'مبنى 9، منطقة 16', 'الشمال', '+974-7597-5532', 'info@sme000209.qa', 'نشط');
INSERT INTO customers VALUES ('SME000210', 'شركة الطاقة المتجددة', 'المالية', 'بلاتيني', 'قياسي', '2024-01-15', 741.63, 'مريم الدوسري', 'يحتاج متابعة', 1822.28, 'متوسط (11-50)', 'مبنى 10، منطقة 71', 'الريان', '+974-4628-8444', 'info@sme000210.qa', 'معلق');
INSERT INTO customers VALUES ('SME000211', 'مؤسسة البناء الذكي', 'البناء', 'بلاتيني', 'أعمال', '2023-06-13', 5313.3, 'أحمد الكواري', 'يحتاج متابعة', 12463.54, 'كبير (51-200)', 'مبنى 11، منطقة 10', 'الريان', '+974-8288-5291', 'info@sme000211.qa', 'موقوف');
INSERT INTO customers VALUES ('SME000212', 'شركة الحلول الإلكترونية', 'اللوجستيات', 'برونزي', 'أعمال', '2019-01-22', 13879.32, 'نورة السليطي', 'متوسط', 68528.26, 'متوسط (11-50)', 'مبنى 12، منطقة 19', 'الريان', '+974-4577-8188', 'info@sme000212.qa', 'نشط');
INSERT INTO customers VALUES ('SME000213', 'مجموعة الضيافة الفاخرة', 'الضيافة', 'بلاتيني', 'أعمال', '2018-06-17', 11255.66, 'حسن العطية', 'جيد', 58955.16, 'كبير (51-200)', 'مبنى 13، منطقة 71', 'الوكرة', '+974-5386-8349', 'info@sme000213.qa', 'نشط');
INSERT INTO customers VALUES ('SME000214', 'شركة التسويق الإبداعي', 'التعليم', 'فضي', 'متميز', '2018-09-15', 12258.54, 'أحمد الكواري', 'ممتاز', 69946.34, 'كبير (51-200)', 'مبنى 14، منطقة 69', 'الوكرة', '+974-7455-7039', 'info@sme000214.qa', 'نشط');
INSERT INTO customers VALUES ('SME000215', 'مؤسسة النقل السريع', 'اللوجستيات', 'برونزي', 'قياسي', '2021-03-10', 730.98, 'فاطمة المري', 'متوسط', 3389.13, 'كبير (51-200)', 'مبنى 15، منطقة 72', 'الوكرة', '+974-9066-1610', 'info@sme000215.qa', 'نشط');
INSERT INTO customers VALUES ('SME000216', 'شركة الأمن السيبراني', 'التعليم', 'ذهبي', 'مؤسسي', '2019-04-22', 5632.11, 'مريم الدوسري', 'جيد', 11472.47, 'كبير (51-200)', 'مبنى 16، منطقة 28', 'الوكرة', '+974-7509-6038', 'info@sme000216.qa', 'نشط');
INSERT INTO customers VALUES ('SME000217', 'مجموعة الاستشارات المهنية', 'التكنولوجيا', 'فضي', 'متميز', '2018-09-14', 10016.82, 'أحمد الكواري', 'ممتاز', 25465.04, 'صغير (1-10)', 'مبنى 17، منطقة 83', 'الريان', '+974-3574-9070', 'info@sme000217.qa', 'نشط');
INSERT INTO customers VALUES ('SME000218', 'شركة التطوير العقاري', 'المالية', 'برونزي', 'أعمال', '2024-02-22', 12408.32, 'محمد الثاني', 'ممتاز', 42674.48, 'كبير (51-200)', 'مبنى 18، منطقة 51', 'الريان', '+974-9010-9551', 'info@sme000218.qa', 'نشط');
INSERT INTO customers VALUES ('SME000219', 'مؤسسة الصحة والعافية', 'التصنيع', 'ذهبي', 'أعمال', '2019-09-05', 4408.64, 'فاطمة المري', 'يحتاج متابعة', 9868.5, 'متوسط (11-50)', 'مبنى 19، منطقة 71', 'الخور', '+974-5878-5354', 'info@sme000219.qa', 'نشط');
INSERT INTO customers VALUES ('SME000220', 'شركة الأغذية العالمية', 'الصحة', 'برونزي', 'أعمال', '2020-09-07', 14750.23, 'حسن العطية', 'ممتاز', 47242.96, 'متوسط (11-50)', 'مبنى 20، منطقة 29', 'الدوحة', '+974-4262-3812', 'info@sme000220.qa', 'نشط');
INSERT INTO customers VALUES ('SME000221', 'مجموعة الأزياء الراقية', 'التكنولوجيا', 'برونزي', 'مؤسسي', '2018-01-07', 2217.39, 'أحمد الكواري', 'متوسط', 10341.24, 'صغير (1-10)', 'مبنى 21، منطقة 35', 'الدوحة', '+974-8876-8373', 'info@sme000221.qa', 'معلق');
INSERT INTO customers VALUES ('SME000222', 'شركة الهندسة الدقيقة', 'اللوجستيات', 'ذهبي', 'أعمال', '2018-04-09', 741.16, 'فاطمة المري', 'يحتاج متابعة', 3926.75, 'متوسط (11-50)', 'مبنى 22، منطقة 11', 'الوكرة', '+974-8121-8011', 'info@sme000222.qa', 'معلق');
INSERT INTO customers VALUES ('SME000223', 'مؤسسة التدريب المتخصص', 'الضيافة', 'ذهبي', 'مؤسسي', '2024-07-22', 11725.48, 'نورة السليطي', 'جيد', 56007.07, 'متوسط (11-50)', 'مبنى 23، منطقة 7', 'الشمال', '+974-3473-9132', 'info@sme000223.qa', 'نشط');
INSERT INTO customers VALUES ('SME000224', 'شركة الخدمات المالية', 'حكومي', 'فضي', 'أعمال', '2022-08-21', 6781.62, 'سارة أحمد', 'جيد', 30831.11, 'صغير (1-10)', 'مبنى 24، منطقة 12', 'أم صلال', '+974-4869-8689', 'info@sme000224.qa', 'نشط');
INSERT INTO customers VALUES ('SME000225', 'مجموعة الصناعات الكيماوية', 'حكومي', 'برونزي', 'متميز', '2018-08-14', 12132.41, 'نورة السليطي', 'متوسط', 67235.55, 'كبير (51-200)', 'مبنى 25، منطقة 43', 'الخور', '+974-4479-6808', 'info@sme000225.qa', 'نشط');
INSERT INTO customers VALUES ('SME000226', 'شركة المعدات الطبية', 'التصنيع', 'ذهبي', 'قياسي', '2022-04-01', 7065.47, 'خالد الأنصاري', 'ممتاز', 14158.79, 'متوسط (11-50)', 'مبنى 26، منطقة 27', 'الدوحة', '+974-6330-1862', 'info@sme000226.qa', 'موقوف');
INSERT INTO customers VALUES ('SME000227', 'مؤسسة التصميم الحديث', 'الضيافة', 'ذهبي', 'متميز', '2021-08-31', 10469.25, 'حسن العطية', 'متوسط', 59995.46, 'كبير (51-200)', 'مبنى 27، منطقة 78', 'الخور', '+974-3507-1037', 'info@sme000227.qa', 'موقوف');
INSERT INTO customers VALUES ('SME000228', 'شركة الاتصالات المتطورة', 'التكنولوجيا', 'برونزي', 'متميز', '2021-06-08', 1601.41, 'خالد الأنصاري', 'متوسط', 6899.18, 'كبير (51-200)', 'مبنى 28، منطقة 60', 'الريان', '+974-7930-6348', 'info@sme000228.qa', 'موقوف');
INSERT INTO customers VALUES ('SME000229', 'مجموعة الطاقة الشمسية', 'حكومي', 'بلاتيني', 'متميز', '2018-07-07', 3795.79, 'أحمد الكواري', 'جيد', 13662.05, 'صغير (1-10)', 'مبنى 29، منطقة 12', 'الريان', '+974-3172-8560', 'info@sme000229.qa', 'معلق');
INSERT INTO customers VALUES ('SME000230', 'شركة المياه والبيئة', 'حكومي', 'برونزي', 'مؤسسي', '2021-12-10', 14839.65, 'حسن العطية', 'يحتاج متابعة', 77120.65, 'صغير (1-10)', 'مبنى 30، منطقة 95', 'الخور', '+974-6862-5084', 'info@sme000230.qa', 'نشط');
INSERT INTO customers VALUES ('SME000231', 'مؤسسة النظافة الشاملة', 'اللوجستيات', 'ذهبي', 'مؤسسي', '2023-04-16', 5243.67, 'فاطمة المري', 'يحتاج متابعة', 31183.92, 'متوسط (11-50)', 'مبنى 31، منطقة 94', 'الدوحة', '+974-6075-4214', 'info@sme000231.qa', 'موقوف');
INSERT INTO customers VALUES ('SME000232', 'شركة الأمن والسلامة', 'التعليم', 'فضي', 'أعمال', '2018-04-05', 1046.27, 'أحمد الكواري', 'جيد', 3799.41, 'متوسط (11-50)', 'مبنى 32، منطقة 74', 'الريان', '+974-5453-3002', 'info@sme000232.qa', 'موقوف');
INSERT INTO customers VALUES ('SME000233', 'مجموعة السياحة والسفر', 'الضيافة', 'ذهبي', 'مؤسسي', '2023-03-03', 6005.64, 'محمد الثاني', 'يحتاج متابعة', 34765.77, 'متوسط (11-50)', 'مبنى 33، منطقة 91', 'أم صلال', '+974-5024-7916', 'info@sme000233.qa', 'موقوف');
INSERT INTO customers VALUES ('SME000234', 'شركة التأمين الشامل', 'الضيافة', 'فضي', 'قياسي', '2018-04-29', 1926.1, 'فاطمة المري', 'جيد', 5463.79, 'صغير (1-10)', 'مبنى 34، منطقة 40', 'الخور', '+974-9715-2301', 'info@sme000234.qa', 'موقوف');
INSERT INTO customers VALUES ('SME000235', 'مؤسسة الاستثمار الذكي', 'التكنولوجيا', 'ذهبي', 'متميز', '2018-08-24', 9800.86, 'مريم الدوسري', 'جيد', 45458.89, 'صغير (1-10)', 'مبنى 35، منطقة 28', 'الوكرة', '+974-6540-5195', 'info@sme000235.qa', 'نشط');
INSERT INTO customers VALUES ('SME000236', 'شركة إدارة العقارات', 'البناء', 'برونزي', 'قياسي', '2022-12-22', 11707.83, 'حسن العطية', 'يحتاج متابعة', 43393.14, 'صغير (1-10)', 'مبنى 36، منطقة 80', 'الشمال', '+974-3179-7996', 'info@sme000236.qa', 'معلق');
INSERT INTO customers VALUES ('SME000237', 'مجموعة التوزيع التجاري', 'البناء', 'فضي', 'أعمال', '2018-03-14', 11004.58, 'محمد الثاني', 'ممتاز', 49438.12, 'كبير (51-200)', 'مبنى 37، منطقة 93', 'أم صلال', '+974-5851-9215', 'info@sme000237.qa', 'نشط');
INSERT INTO customers VALUES ('SME000238', 'شركة التصنيع المتقدم', 'حكومي', 'برونزي', 'متميز', '2018-07-09', 9111.06, 'نورة السليطي', 'جيد', 35570.21, 'كبير (51-200)', 'مبنى 38، منطقة 55', 'الوكرة', '+974-5157-6536', 'info@sme000238.qa', 'نشط');
INSERT INTO customers VALUES ('SME000239', 'مؤسسة التقنية الزراعية', 'الصحة', 'بلاتيني', 'مؤسسي', '2020-06-18', 14787.48, 'مريم الدوسري', 'يحتاج متابعة', 82611.83, 'كبير (51-200)', 'مبنى 39، منطقة 100', 'الريان', '+974-9923-6822', 'info@sme000239.qa', 'نشط');
INSERT INTO customers VALUES ('SME000240', 'شركة الأدوية والصيدلة', 'حكومي', 'بلاتيني', 'قياسي', '2023-09-16', 13606.46, 'خالد الأنصاري', 'يحتاج متابعة', 44211.63, 'متوسط (11-50)', 'مبنى 40، منطقة 29', 'الدوحة', '+974-9092-8227', 'info@sme000240.qa', 'نشط');
INSERT INTO customers VALUES ('SME000241', 'مجموعة المختبرات الطبية', 'المالية', 'فضي', 'متميز', '2018-01-05', 13239.67, 'محمد الثاني', 'ممتاز', 65643.87, 'متوسط (11-50)', 'مبنى 41، منطقة 44', 'الوكرة', '+974-9455-8215', 'info@sme000241.qa', 'معلق');
INSERT INTO customers VALUES ('SME000242', 'شركة الرعاية البيطرية', 'المالية', 'فضي', 'مؤسسي', '2022-05-19', 10998.54, 'أحمد الكواري', 'متوسط', 23473.27, 'متوسط (11-50)', 'مبنى 42، منطقة 23', 'الوكرة', '+974-3746-1620', 'info@sme000242.qa', 'معلق');
INSERT INTO customers VALUES ('SME000243', 'مؤسسة المعدات الرياضية', 'التكنولوجيا', 'فضي', 'مؤسسي', '2018-07-05', 11568.89, 'حسن العطية', 'متوسط', 67554.34, 'كبير (51-200)', 'مبنى 43، منطقة 14', 'الخور', '+974-7092-6383', 'info@sme000243.qa', 'معلق');
INSERT INTO customers VALUES ('SME000244', 'شركة التجميل والعناية', 'التعليم', 'بلاتيني', 'أعمال', '2024-06-12', 1339.23, 'حسن العطية', 'جيد', 3071.11, 'كبير (51-200)', 'مبنى 44، منطقة 78', 'الشمال', '+974-4579-6632', 'info@sme000244.qa', 'نشط');
INSERT INTO customers VALUES ('SME000245', 'مجموعة العيادات السنية', 'حكومي', 'بلاتيني', 'متميز', '2020-12-23', 7313.09, 'خالد الأنصاري', 'جيد', 21523.65, 'متوسط (11-50)', 'مبنى 45، منطقة 20', 'الدوحة', '+974-5696-6368', 'info@sme000245.qa', 'نشط');
INSERT INTO customers VALUES ('SME000246', 'شركة البصريات الحديثة', 'المالية', 'برونزي', 'قياسي', '2020-06-06', 4991.73, 'سارة أحمد', 'جيد', 13567.24, 'صغير (1-10)', 'مبنى 46، منطقة 99', 'أم صلال', '+974-3518-5659', 'info@sme000246.qa', 'موقوف');
INSERT INTO customers VALUES ('SME000247', 'مؤسسة الطباعة والنشر', 'التكنولوجيا', 'بلاتيني', 'قياسي', '2024-04-02', 13530.85, 'سارة أحمد', 'جيد', 28287.55, 'متوسط (11-50)', 'مبنى 47، منطقة 51', 'الخور', '+974-7800-6480', 'info@sme000247.qa', 'نشط');
INSERT INTO customers VALUES ('SME000248', 'شركة التغليف والتعبئة', 'الصحة', 'ذهبي', 'مؤسسي', '2019-12-15', 4366.9, 'حسن العطية', 'جيد', 9615.62, 'صغير (1-10)', 'مبنى 48، منطقة 21', 'الدوحة', '+974-8649-3876', 'info@sme000248.qa', 'معلق');
INSERT INTO customers VALUES ('SME000249', 'مجموعة النسيج والملابس', 'اللوجستيات', 'برونزي', 'مؤسسي', '2024-12-25', 10778.31, 'خالد الأنصاري', 'يحتاج متابعة', 61603.07, 'صغير (1-10)', 'مبنى 49، منطقة 78', 'الدوحة', '+974-4384-4185', 'info@sme000249.qa', 'نشط');
INSERT INTO customers VALUES ('SME000250', 'شركة الأثاث العصري', 'البناء', 'بلاتيني', 'قياسي', '2020-02-11', 13892.46, 'نورة السليطي', 'يحتاج متابعة', 55358.1, 'كبير (51-200)', 'مبنى 50، منطقة 89', 'الريان', '+974-7079-8155', 'info@sme000250.qa', 'نشط');
INSERT INTO customers VALUES ('SME000251', 'مؤسسة الديكور الداخلي', 'الضيافة', 'برونزي', 'مؤسسي', '2019-06-04', 14323.5, 'مريم الدوسري', 'جيد', 82141.83, 'صغير (1-10)', 'مبنى 51، منطقة 11', 'الخور', '+974-9887-9936', 'info@sme000251.qa', 'نشط');
INSERT INTO customers VALUES ('SME000252', 'شركة الحدائق والمسطحات', 'البناء', 'برونزي', 'قياسي', '2021-12-31', 3671.9, 'خالد الأنصاري', 'يحتاج متابعة', 12795.11, 'متوسط (11-50)', 'مبنى 52، منطقة 100', 'الخور', '+974-5434-6357', 'info@sme000252.qa', 'نشط');
INSERT INTO customers VALUES ('SME000253', 'مجموعة الأنظمة الكهربائية', 'التجزئة', 'برونزي', 'أعمال', '2020-09-22', 10131.03, 'حسن العطية', 'ممتاز', 34962.65, 'متوسط (11-50)', 'مبنى 53، منطقة 94', 'الخور', '+974-5945-3936', 'info@sme000253.qa', 'نشط');
INSERT INTO customers VALUES ('SME000254', 'شركة السباكة والصرف', 'التصنيع', 'بلاتيني', 'متميز', '2021-09-01', 3762.05, 'محمد الثاني', 'يحتاج متابعة', 19649.67, 'كبير (51-200)', 'مبنى 54، منطقة 60', 'الخور', '+974-3107-6084', 'info@sme000254.qa', 'نشط');
INSERT INTO customers VALUES ('SME000255', 'مؤسسة التكييف والتبريد', 'التعليم', 'فضي', 'أعمال', '2021-06-25', 9803.09, 'خالد الأنصاري', 'متوسط', 26579.48, 'متوسط (11-50)', 'مبنى 55، منطقة 92', 'الشمال', '+974-9732-1340', 'info@sme000255.qa', 'نشط');
INSERT INTO customers VALUES ('SME000256', 'شركة صيانة المصاعد', 'البناء', 'بلاتيني', 'مؤسسي', '2022-04-13', 11431.87, 'خالد الأنصاري', 'متوسط', 40011.88, 'صغير (1-10)', 'مبنى 56، منطقة 8', 'الدوحة', '+974-4002-8331', 'info@sme000256.qa', 'معلق');
INSERT INTO customers VALUES ('SME000257', 'مجموعة الزجاج والألمنيوم', 'حكومي', 'ذهبي', 'متميز', '2022-01-18', 13436.67, 'محمد الثاني', 'يحتاج متابعة', 37222.25, 'متوسط (11-50)', 'مبنى 57، منطقة 46', 'الريان', '+974-6168-5360', 'info@sme000257.qa', 'موقوف');
INSERT INTO customers VALUES ('SME000258', 'شركة النجارة الفنية', 'التكنولوجيا', 'بلاتيني', 'قياسي', '2023-03-25', 13117.66, 'محمد الثاني', 'يحتاج متابعة', 70981.7, 'كبير (51-200)', 'مبنى 58، منطقة 46', 'الريان', '+974-4659-4693', 'info@sme000258.qa', 'نشط');
INSERT INTO customers VALUES ('SME000259', 'مؤسسة الدهانات والديكور', 'التعليم', 'بلاتيني', 'قياسي', '2020-01-22', 11604.18, 'فاطمة المري', 'جيد', 62740.48, 'كبير (51-200)', 'مبنى 59، منطقة 38', 'الوكرة', '+974-4816-6599', 'info@sme000259.qa', 'معلق');
INSERT INTO customers VALUES ('SME000260', 'شركة الأرضيات المتخصصة', 'التصنيع', 'برونزي', 'قياسي', '2019-01-30', 5165.04, 'خالد الأنصاري', 'متوسط', 15321.87, 'كبير (51-200)', 'مبنى 60، منطقة 65', 'الدوحة', '+974-4419-4047', 'info@sme000260.qa', 'نشط');
INSERT INTO customers VALUES ('SME000261', 'مجموعة الأسقف والعزل', 'الضيافة', 'بلاتيني', 'قياسي', '2022-03-25', 14707.7, 'خالد الأنصاري', 'ممتاز', 31479.26, 'متوسط (11-50)', 'مبنى 61، منطقة 67', 'الخور', '+974-6684-6712', 'info@sme000261.qa', 'معلق');
INSERT INTO customers VALUES ('SME000262', 'شركة التصنيع المعدني', 'حكومي', 'فضي', 'قياسي', '2020-02-09', 8115.04, 'حسن العطية', 'يحتاج متابعة', 48653.71, 'متوسط (11-50)', 'مبنى 62، منطقة 19', 'الريان', '+974-8706-3611', 'info@sme000262.qa', 'موقوف');
INSERT INTO customers VALUES ('SME000263', 'مؤسسة اللحام والحدادة', 'الضيافة', 'بلاتيني', 'قياسي', '2023-12-26', 2311.66, 'حسن العطية', 'جيد', 11730.11, 'متوسط (11-50)', 'مبنى 63، منطقة 13', 'الريان', '+974-5621-4765', 'info@sme000263.qa', 'معلق');
INSERT INTO customers VALUES ('SME000264', 'شركة ورشة الإصلاح', 'التصنيع', 'فضي', 'أعمال', '2023-12-10', 7904.32, 'أحمد الكواري', 'يحتاج متابعة', 23812.32, 'متوسط (11-50)', 'مبنى 64، منطقة 15', 'الدوحة', '+974-6220-3527', 'info@sme000264.qa', 'نشط');
INSERT INTO customers VALUES ('SME000265', 'مجموعة قطع الغيار', 'البناء', 'برونزي', 'مؤسسي', '2021-02-10', 5423.53, 'فاطمة المري', 'يحتاج متابعة', 25601.05, 'صغير (1-10)', 'مبنى 65، منطقة 67', 'الوكرة', '+974-6569-6445', 'info@sme000265.qa', 'معلق');
INSERT INTO customers VALUES ('SME000266', 'شركة خدمات الإطارات', 'البناء', 'فضي', 'قياسي', '2024-05-13', 5340.16, 'محمد الثاني', 'ممتاز', 18751.0, 'صغير (1-10)', 'مبنى 66، منطقة 76', 'أم صلال', '+974-3789-9966', 'info@sme000266.qa', 'معلق');
INSERT INTO customers VALUES ('SME000267', 'مؤسسة غسيل السيارات', 'البناء', 'برونزي', 'مؤسسي', '2022-12-11', 14152.67, 'سارة أحمد', 'جيد', 45049.82, 'متوسط (11-50)', 'مبنى 67، منطقة 74', 'الخور', '+974-6940-7710', 'info@sme000267.qa', 'نشط');
INSERT INTO customers VALUES ('SME000268', 'شركة تتبع المركبات', 'البناء', 'فضي', 'أعمال', '2022-10-13', 6055.41, 'سارة أحمد', 'يحتاج متابعة', 22813.49, 'كبير (51-200)', 'مبنى 68، منطقة 31', 'الريان', '+974-7822-3148', 'info@sme000268.qa', 'نشط');
INSERT INTO customers VALUES ('SME000269', 'مجموعة إدارة الأساطيل', 'المالية', 'برونزي', 'قياسي', '2023-06-15', 2847.55, 'أحمد الكواري', 'متوسط', 12466.06, 'متوسط (11-50)', 'مبنى 69، منطقة 11', 'الريان', '+974-8707-7095', 'info@sme000269.qa', 'موقوف');
INSERT INTO customers VALUES ('SME000270', 'شركة معالجة البضائع', 'اللوجستيات', 'برونزي', 'مؤسسي', '2018-05-02', 5615.49, 'خالد الأنصاري', 'ممتاز', 29752.85, 'متوسط (11-50)', 'مبنى 70، منطقة 78', 'الخور', '+974-9820-7183', 'info@sme000270.qa', 'نشط');
INSERT INTO customers VALUES ('SME000271', 'مؤسسة عمليات المستودعات', 'البناء', 'ذهبي', 'أعمال', '2021-06-06', 855.5, 'خالد الأنصاري', 'ممتاز', 2161.26, 'كبير (51-200)', 'مبنى 71، منطقة 50', 'الشمال', '+974-4942-5413', 'info@sme000271.qa', 'موقوف');
INSERT INTO customers VALUES ('SME000272', 'شركة التخزين البارد', 'التجزئة', 'ذهبي', 'قياسي', '2018-04-14', 12953.32, 'نورة السليطي', 'جيد', 72921.9, 'متوسط (11-50)', 'مبنى 72، منطقة 66', 'الخور', '+974-6293-3890', 'info@sme000272.qa', 'نشط');
INSERT INTO customers VALUES ('SME000273', 'مجموعة تصنيع الأغذية', 'البناء', 'ذهبي', 'مؤسسي', '2020-10-03', 8992.89, 'مريم الدوسري', 'يحتاج متابعة', 20609.39, 'متوسط (11-50)', 'مبنى 73، منطقة 35', 'الوكرة', '+974-5690-6425', 'info@sme000273.qa', 'معلق');
INSERT INTO customers VALUES ('SME000274', 'شركة منتجات المخابز', 'التصنيع', 'ذهبي', 'متميز', '2018-07-14', 12824.86, 'فاطمة المري', 'متوسط', 40684.97, 'صغير (1-10)', 'مبنى 74، منطقة 87', 'أم صلال', '+974-9122-7852', 'info@sme000274.qa', 'نشط');
INSERT INTO customers VALUES ('SME000275', 'مؤسسة توزيع المشروبات', 'الصحة', 'بلاتيني', 'متميز', '2019-06-11', 7778.36, 'خالد الأنصاري', 'ممتاز', 25582.87, 'متوسط (11-50)', 'مبنى 75، منطقة 100', 'الريان', '+974-7881-2814', 'info@sme000275.qa', 'نشط');
INSERT INTO customers VALUES ('SME000276', 'شركة سلسلة البقالة', 'الصحة', 'ذهبي', 'متميز', '2018-10-28', 8758.65, 'حسن العطية', 'جيد', 51010.0, 'متوسط (11-50)', 'مبنى 76، منطقة 78', 'الريان', '+974-4528-5458', 'info@sme000276.qa', 'نشط');
INSERT INTO customers VALUES ('SME000277', 'مجموعة عمليات السوبرماركت', 'حكومي', 'ذهبي', 'مؤسسي', '2024-11-22', 2440.94, 'خالد الأنصاري', 'متوسط', 4932.47, 'متوسط (11-50)', 'مبنى 77، منطقة 73', 'الدوحة', '+974-9598-1361', 'info@sme000277.qa', 'نشط');
INSERT INTO customers VALUES ('SME000278', 'شركة المتاجر الصغيرة', 'البناء', 'بلاتيني', 'أعمال', '2020-07-26', 992.76, 'محمد الثاني', 'جيد', 4713.42, 'كبير (51-200)', 'مبنى 78، منطقة 9', 'الدوحة', '+974-9676-2199', 'info@sme000278.qa', 'موقوف');
INSERT INTO customers VALUES ('SME000279', 'مؤسسة التجارة الإلكترونية', 'التجزئة', 'برونزي', 'متميز', '2022-12-27', 13487.26, 'حسن العطية', 'متوسط', 42773.0, 'كبير (51-200)', 'مبنى 79، منطقة 86', 'أم صلال', '+974-6243-2637', 'info@sme000279.qa', 'نشط');
INSERT INTO customers VALUES ('SME000280', 'شركة تطوير التطبيقات', 'التجزئة', 'بلاتيني', 'متميز', '2023-09-07', 6849.99, 'نورة السليطي', 'جيد', 39744.61, 'صغير (1-10)', 'مبنى 80، منطقة 82', 'أم صلال', '+974-5323-3099', 'info@sme000280.qa', 'موقوف');
INSERT INTO customers VALUES ('SME000281', 'مجموعة استضافة المواقع', 'الصحة', 'بلاتيني', 'متميز', '2021-03-24', 4117.01, 'خالد الأنصاري', 'يحتاج متابعة', 18363.64, 'صغير (1-10)', 'مبنى 81، منطقة 42', 'الوكرة', '+974-9524-1241', 'info@sme000281.qa', 'نشط');
INSERT INTO customers VALUES ('SME000282', 'شركة الحوسبة السحابية', 'المالية', 'ذهبي', 'متميز', '2024-06-15', 2894.76, 'أحمد الكواري', 'يحتاج متابعة', 9354.68, 'متوسط (11-50)', 'مبنى 82، منطقة 72', 'الشمال', '+974-6346-2652', 'info@sme000282.qa', 'موقوف');
INSERT INTO customers VALUES ('SME000283', 'مؤسسة البيانات الضخمة', 'التعليم', 'فضي', 'أعمال', '2019-09-16', 13019.5, 'محمد الثاني', 'متوسط', 46840.28, 'متوسط (11-50)', 'مبنى 83، منطقة 74', 'الريان', '+974-4001-6329', 'info@sme000283.qa', 'نشط');
INSERT INTO customers VALUES ('SME000284', 'شركة الذكاء الاصطناعي', 'التصنيع', 'فضي', 'قياسي', '2021-09-21', 7670.93, 'سارة أحمد', 'ممتاز', 39991.77, 'متوسط (11-50)', 'مبنى 84، منطقة 96', 'أم صلال', '+974-4856-8135', 'info@sme000284.qa', 'نشط');
INSERT INTO customers VALUES ('SME000285', 'مجموعة إنترنت الأشياء', 'الضيافة', 'ذهبي', 'مؤسسي', '2019-02-08', 3154.92, 'سارة أحمد', 'ممتاز', 12275.74, 'صغير (1-10)', 'مبنى 85، منطقة 99', 'الخور', '+974-4462-2418', 'info@sme000285.qa', 'نشط');
INSERT INTO customers VALUES ('SME000286', 'شركة الروبوتات الذكية', 'التصنيع', 'برونزي', 'مؤسسي', '2018-10-29', 7208.39, 'فاطمة المري', 'يحتاج متابعة', 36882.66, 'متوسط (11-50)', 'مبنى 86، منطقة 56', 'الشمال', '+974-5763-3861', 'info@sme000286.qa', 'نشط');
INSERT INTO customers VALUES ('SME000287', 'مؤسسة الواقع الافتراضي', 'الضيافة', 'ذهبي', 'متميز', '2024-04-11', 1501.86, 'أحمد الكواري', 'متوسط', 4457.81, 'كبير (51-200)', 'مبنى 87، منطقة 27', 'الدوحة', '+974-3625-6074', 'info@sme000287.qa', 'نشط');
INSERT INTO customers VALUES ('SME000288', 'شركة الألعاب الإلكترونية', 'الصحة', 'فضي', 'قياسي', '2021-03-10', 12027.41, 'نورة السليطي', 'ممتاز', 53013.67, 'صغير (1-10)', 'مبنى 88، منطقة 81', 'الشمال', '+974-5414-3214', 'info@sme000288.qa', 'نشط');
INSERT INTO customers VALUES ('SME000289', 'مجموعة الإعلام الرقمي', 'حكومي', 'ذهبي', 'مؤسسي', '2018-05-25', 9948.63, 'حسن العطية', 'متوسط', 27402.4, 'متوسط (11-50)', 'مبنى 89، منطقة 22', 'أم صلال', '+974-8802-8735', 'info@sme000289.qa', 'موقوف');
INSERT INTO customers VALUES ('SME000290', 'شركة البث المباشر', 'اللوجستيات', 'فضي', 'مؤسسي', '2019-02-20', 13379.18, 'محمد الثاني', 'ممتاز', 29609.49, 'صغير (1-10)', 'مبنى 90، منطقة 57', 'الريان', '+974-4110-8203', 'info@sme000290.qa', 'نشط');
INSERT INTO customers VALUES ('SME000291', 'مؤسسة المحتوى الرقمي', 'الضيافة', 'فضي', 'مؤسسي', '2021-03-21', 14492.1, 'محمد الثاني', 'متوسط', 84570.26, 'متوسط (11-50)', 'مبنى 91، منطقة 65', 'الخور', '+974-6292-1349', 'info@sme000291.qa', 'نشط');
INSERT INTO customers VALUES ('SME000292', 'شركة التسويق عبر الإنترنت', 'التجزئة', 'بلاتيني', 'أعمال', '2018-11-22', 14607.54, 'محمد الثاني', 'ممتاز', 80377.48, 'صغير (1-10)', 'مبنى 92، منطقة 34', 'الريان', '+974-8619-4022', 'info@sme000292.qa', 'نشط');
INSERT INTO customers VALUES ('SME000293', 'مجموعة وسائل التواصل', 'المالية', 'فضي', 'أعمال', '2024-11-26', 12278.44, 'خالد الأنصاري', 'ممتاز', 67077.26, 'كبير (51-200)', 'مبنى 93، منطقة 79', 'أم صلال', '+974-6971-2472', 'info@sme000293.qa', 'معلق');
INSERT INTO customers VALUES ('SME000294', 'شركة التقنية المتقدمة', 'البناء', 'فضي', 'مؤسسي', '2022-02-17', 13225.29, 'أحمد الكواري', 'ممتاز', 53315.84, 'صغير (1-10)', 'مبنى 94، منطقة 20', 'الشمال', '+974-5749-6923', 'info@sme000294.qa', 'نشط');
INSERT INTO customers VALUES ('SME000295', 'مجموعة الخليج التجارية', 'اللوجستيات', 'فضي', 'مؤسسي', '2023-07-02', 11715.67, 'أحمد الكواري', 'متوسط', 33684.03, 'متوسط (11-50)', 'مبنى 95، منطقة 78', 'الوكرة', '+974-4719-1231', 'info@sme000295.qa', 'معلق');
INSERT INTO customers VALUES ('SME000296', 'مؤسسة النور للإنشاءات', 'التجزئة', 'ذهبي', 'مؤسسي', '2020-08-12', 13694.05, 'سارة أحمد', 'جيد', 66704.59, 'متوسط (11-50)', 'مبنى 96، منطقة 13', 'الريان', '+974-8724-1189', 'info@sme000296.qa', 'نشط');
INSERT INTO customers VALUES ('SME000297', 'شركة الأفق للتكنولوجيا', 'التعليم', 'برونزي', 'مؤسسي', '2018-06-12', 12922.18, 'فاطمة المري', 'جيد', 51540.03, 'متوسط (11-50)', 'مبنى 97، منطقة 42', 'الوكرة', '+974-7138-4425', 'info@sme000297.qa', 'موقوف');
INSERT INTO customers VALUES ('SME000298', 'مركز الرعاية الصحية الحديث', 'الضيافة', 'برونزي', 'قياسي', '2018-09-12', 2851.63, 'محمد الثاني', 'يحتاج متابعة', 7555.83, 'صغير (1-10)', 'مبنى 98، منطقة 66', 'أم صلال', '+974-5210-3890', 'info@sme000298.qa', 'معلق');
INSERT INTO customers VALUES ('SME000299', 'شركة اللؤلؤة للتجارة', 'التعليم', 'بلاتيني', 'قياسي', '2019-08-19', 2905.65, 'محمد الثاني', 'يحتاج متابعة', 8575.14, 'متوسط (11-50)', 'مبنى 99، منطقة 20', 'أم صلال', '+974-3261-5442', 'info@sme000299.qa', 'نشط');
INSERT INTO customers VALUES ('SME000300', 'مؤسسة الابتكار الرقمي', 'المالية', 'بلاتيني', 'متميز', '2021-04-18', 11281.62, 'خالد الأنصاري', 'جيد', 48278.43, 'صغير (1-10)', 'مبنى 100، منطقة 69', 'الدوحة', '+974-9963-8720', 'info@sme000300.qa', 'نشط');
INSERT INTO customers VALUES ('SME000301', 'شركة النجاح للخدمات اللوجستية', 'اللوجستيات', 'برونزي', 'قياسي', '2022-03-01', 6763.41, 'سارة أحمد', 'متوسط', 28996.67, 'صغير (1-10)', 'مبنى 101، منطقة 84', 'الريان', '+974-8260-5612', 'info@sme000301.qa', 'نشط');
INSERT INTO customers VALUES ('SME000302', 'مجموعة التميز التعليمي', 'حكومي', 'ذهبي', 'أعمال', '2023-03-21', 9080.96, 'أحمد الكواري', 'جيد', 26711.53, 'صغير (1-10)', 'مبنى 102، منطقة 14', 'أم صلال', '+974-7517-8582', 'info@sme000302.qa', 'نشط');
INSERT INTO customers VALUES ('SME000303', 'شركة الطاقة المتجددة', 'التصنيع', 'فضي', 'مؤسسي', '2022-08-27', 6541.01, 'سارة أحمد', 'يحتاج متابعة', 30463.36, 'صغير (1-10)', 'مبنى 103، منطقة 57', 'الوكرة', '+974-5523-4207', 'info@sme000303.qa', 'نشط');
INSERT INTO customers VALUES ('SME000304', 'مؤسسة البناء الذكي', 'الصحة', 'بلاتيني', 'متميز', '2019-06-11', 10961.89, 'محمد الثاني', 'جيد', 31412.84, 'متوسط (11-50)', 'مبنى 104، منطقة 52', 'أم صلال', '+974-7063-6501', 'info@sme000304.qa', 'معلق');
INSERT INTO customers VALUES ('SME000305', 'شركة الحلول الإلكترونية', 'التعليم', 'ذهبي', 'مؤسسي', '2019-08-26', 2439.01, 'محمد الثاني', 'ممتاز', 12540.23, 'كبير (51-200)', 'مبنى 105، منطقة 100', 'الخور', '+974-8190-9985', 'info@sme000305.qa', 'معلق');
INSERT INTO customers VALUES ('SME000306', 'مجموعة الضيافة الفاخرة', 'حكومي', 'برونزي', 'مؤسسي', '2021-01-02', 8394.7, 'نورة السليطي', 'ممتاز', 49720.61, 'متوسط (11-50)', 'مبنى 106، منطقة 7', 'الوكرة', '+974-8799-6681', 'info@sme000306.qa', 'معلق');
INSERT INTO customers VALUES ('SME000307', 'شركة التسويق الإبداعي', 'المالية', 'بلاتيني', 'مؤسسي', '2023-04-04', 5283.54, 'أحمد الكواري', 'ممتاز', 25159.02, 'صغير (1-10)', 'مبنى 107، منطقة 22', 'الدوحة', '+974-7907-4139', 'info@sme000307.qa', 'معلق');
INSERT INTO customers VALUES ('SME000308', 'مؤسسة النقل السريع', 'اللوجستيات', 'فضي', 'مؤسسي', '2022-09-06', 5058.82, 'مريم الدوسري', 'يحتاج متابعة', 16196.74, 'كبير (51-200)', 'مبنى 108، منطقة 70', 'الشمال', '+974-6681-2129', 'info@sme000308.qa', 'نشط');
INSERT INTO customers VALUES ('SME000309', 'شركة الأمن السيبراني', 'البناء', 'بلاتيني', 'قياسي', '2024-07-06', 13871.69, 'سارة أحمد', 'متوسط', 32585.3, 'صغير (1-10)', 'مبنى 109، منطقة 42', 'الشمال', '+974-7097-6481', 'info@sme000309.qa', 'معلق');
INSERT INTO customers VALUES ('SME000310', 'مجموعة الاستشارات المهنية', 'اللوجستيات', 'برونزي', 'متميز', '2018-01-21', 10488.76, 'فاطمة المري', 'يحتاج متابعة', 45243.44, 'كبير (51-200)', 'مبنى 110، منطقة 76', 'الشمال', '+974-7947-6784', 'info@sme000310.qa', 'نشط');

-- جدول اشتراكات الخدمات
CREATE TABLE IF NOT EXISTS service_subscriptions (
    subscription_id TEXT(20) PRIMARY KEY,
    customer_id TEXT(20) NOT NULL,
    service_type TEXT(50) NOT NULL,
    service_name TEXT(100) NOT NULL,
    bandwidth_speed TEXT(20),
    monthly_fee REAL(10, 2) NOT NULL,
    activation_date TEXT NOT NULL,
    contract_term_months INT,
    auto_renewal BOOLEAN,
    status TEXT(20),
    FOREIGN KEY (customer_id) REFERENCES customers(customer_id)
);

INSERT INTO service_subscriptions VALUES ('SUB001000', 'SME000201', 'إنترنت الأشياء', 'نظام تتبع الأسطول - كبير', 'N/A', 400.0, '2023-08-30', 24, True, 'موقوف');
INSERT INTO service_subscriptions VALUES ('SUB001001', 'SME000202', 'اتصالات', 'حل SD-WAN - احترافي', '100Mbps', 1500.0, '2021-02-26', 24, False, 'موقوف');
INSERT INTO service_subscriptions VALUES ('SUB001002', 'SME000203', 'إنترنت الأشياء', 'نظام تتبع الأسطول - كبير', 'N/A', 400.0, '2023-04-21', 12, False, 'نشط');
INSERT INTO service_subscriptions VALUES ('SUB001003', 'SME000204', 'سحابة', 'قاعدة بيانات مُدارة - متوسط', 'N/A', 250.0, '2019-07-11', 24, False, 'منتهي');
INSERT INTO service_subscriptions VALUES ('SUB001004', 'SME000205', 'سحابة', 'خادم افتراضي - صغير', 'N/A', 150.0, '2021-01-08', 36, False, 'منتهي');
INSERT INTO service_subscriptions VALUES ('SUB001005', 'SME000206', 'إنترنت الأشياء', 'حل مراقبة الأصول - احترافي', 'N/A', 250.0, '2024-12-29', 36, True, 'نشط');
INSERT INTO service_subscriptions VALUES ('SUB001006', 'SME000207', 'سحابة', 'قاعدة بيانات مُدارة - متوسط', 'N/A', 250.0, '2019-01-27', 12, True, 'نشط');
INSERT INTO service_subscriptions VALUES ('SUB001007', 'SME000208', 'اتصالات', 'خط مؤجر مخصص 10 ميجابت', '10Mbps', 1200.0, '2023-07-09', 24, False, 'نشط');
INSERT INTO service_subscriptions VALUES ('SUB001008', 'SME000209', 'إنترنت الأشياء', 'حل مراقبة الأصول - احترافي', 'N/A', 250.0, '2024-09-06', 36, False, 'نشط');
INSERT INTO service_subscriptions VALUES ('SUB001009', 'SME000210', 'اتصالات', 'إنترنت فايبر للأعمال 1000 ميجابت', '1Gbps', 999.0, '2024-05-12', 24, True, 'نشط');
INSERT INTO service_subscriptions VALUES ('SUB001010', 'SME000211', 'سحابة', 'خادم افتراضي - كبير', 'N/A', 350.0, '2021-06-07', 36, True, 'نشط');
INSERT INTO service_subscriptions VALUES ('SUB001011', 'SME000212', 'اتصالات', 'إنترنت فايبر للأعمال 1000 ميجابت', '1Gbps', 999.0, '2021-06-25', 24, False, 'منتهي');
INSERT INTO service_subscriptions VALUES ('SUB001012', 'SME000213', 'إنترنت الأشياء', 'نظام تتبع الأسطول - كبير', 'N/A', 400.0, '2019-05-10', 24, True, 'نشط');
INSERT INTO service_subscriptions VALUES ('SUB001013', 'SME000214', 'سحابة', 'تخزين سحابي 1000 جيجابايت', 'N/A', 80.0, '2019-10-22', 24, True, 'نشط');
INSERT INTO service_subscriptions VALUES ('SUB001014', 'SME000215', 'سحابة', 'حماية DDoS - قياسي', 'N/A', 200.0, '2019-01-26', 24, True, 'نشط');
INSERT INTO service_subscriptions VALUES ('SUB001015', 'SME000216', 'اتصالات', 'إنترنت فايبر للأعمال 100 ميجابت', '100Mbps', 299.0, '2021-09-27', 12, False, 'موقوف');
INSERT INTO service_subscriptions VALUES ('SUB001016', 'SME000217', 'سحابة', 'تخزين سحابي 1000 جيجابايت', 'N/A', 80.0, '2024-03-15', 36, False, 'نشط');
INSERT INTO service_subscriptions VALUES ('SUB001017', 'SME000218', 'اتصالات', 'إنترنت فايبر للأعمال 1000 ميجابت', '1Gbps', 999.0, '2023-10-29', 36, False, 'منتهي');
INSERT INTO service_subscriptions VALUES ('SUB001018', 'SME000219', 'سحابة', 'خدمة النسخ الاحتياطي السحابي - أساسي', 'N/A', 120.0, '2021-07-03', 24, True, 'موقوف');
INSERT INTO service_subscriptions VALUES ('SUB001019', 'SME000220', 'إنترنت الأشياء', 'نظام تتبع الأسطول - كبير', 'N/A', 400.0, '2022-12-01', 12, False, 'منتهي');
INSERT INTO service_subscriptions VALUES ('SUB001020', 'SME000221', 'إنترنت الأشياء', 'حل مراقبة الأصول - احترافي', 'N/A', 250.0, '2022-06-27', 12, True, 'نشط');
INSERT INTO service_subscriptions VALUES ('SUB001021', 'SME000222', 'اتصالات', 'حل SD-WAN - احترافي', '100Mbps', 1500.0, '2024-10-18', 36, False, 'موقوف');
INSERT INTO service_subscriptions VALUES ('SUB001022', 'SME000223', 'سحابة', 'خادم افتراضي - كبير', 'N/A', 350.0, '2024-07-12', 24, False, 'نشط');
INSERT INTO service_subscriptions VALUES ('SUB001023', 'SME000224', 'اتصالات', 'خط مؤجر مخصص 10 ميجابت', '10Mbps', 1200.0, '2023-03-24', 24, False, 'موقوف');
INSERT INTO service_subscriptions VALUES ('SUB001024', 'SME000225', 'سحابة', 'حماية DDoS - قياسي', 'N/A', 200.0, '2020-03-17', 36, False, 'موقوف');
INSERT INTO service_subscriptions VALUES ('SUB001025', 'SME000226', 'إنترنت الأشياء', 'نظام تتبع الأسطول - كبير', 'N/A', 400.0, '2019-09-07', 24, False, 'نشط');
INSERT INTO service_subscriptions VALUES ('SUB001026', 'SME000227', 'اتصالات', 'إنترنت فايبر للأعمال 100 ميجابت', '100Mbps', 299.0, '2021-11-15', 24, True, 'نشط');
INSERT INTO service_subscriptions VALUES ('SUB001027', 'SME000228', 'سحابة', 'تخزين سحابي 1000 جيجابايت', 'N/A', 80.0, '2024-04-17', 24, True, 'منتهي');
INSERT INTO service_subscriptions VALUES ('SUB001028', 'SME000229', 'سحابة', 'خدمة النسخ الاحتياطي السحابي - أساسي', 'N/A', 120.0, '2023-09-08', 36, False, 'نشط');
INSERT INTO service_subscriptions VALUES ('SUB001029', 'SME000230', 'إنترنت الأشياء', 'خطة اتصال إنترنت الأشياء - النمو', 'N/A', 180.0, '2020-10-07', 12, True, 'نشط');
INSERT INTO service_subscriptions VALUES ('SUB001030', 'SME000231', 'اتصالات', 'خط مؤجر مخصص 10 ميجابت', '10Mbps', 1200.0, '2019-11-27', 12, True, 'نشط');
INSERT INTO service_subscriptions VALUES ('SUB001031', 'SME000232', 'إنترنت الأشياء', 'نظام تتبع الأسطول - كبير', 'N/A', 400.0, '2022-10-12', 36, False, 'نشط');
INSERT INTO service_subscriptions VALUES ('SUB001032', 'SME000233', 'إنترنت الأشياء', 'نظام تتبع الأسطول - كبير', 'N/A', 400.0, '2022-06-24', 36, False, 'نشط');
INSERT INTO service_subscriptions VALUES ('SUB001033', 'SME000234', 'إنترنت الأشياء', 'نظام تتبع الأسطول - كبير', 'N/A', 400.0, '2024-03-13', 36, False, 'منتهي');
INSERT INTO service_subscriptions VALUES ('SUB001034', 'SME000235', 'إنترنت الأشياء', 'حل العدادات الذكية - متقدم', 'N/A', 300.0, '2021-12-04', 24, False, 'نشط');
INSERT INTO service_subscriptions VALUES ('SUB001035', 'SME000236', 'سحابة', 'حماية DDoS - قياسي', 'N/A', 200.0, '2024-12-27', 36, True, 'موقوف');
INSERT INTO service_subscriptions VALUES ('SUB001036', 'SME000237', 'سحابة', 'خادم افتراضي - كبير', 'N/A', 350.0, '2024-01-05', 12, True, 'موقوف');
INSERT INTO service_subscriptions VALUES ('SUB001037', 'SME000238', 'سحابة', 'خادم افتراضي - كبير', 'N/A', 350.0, '2024-09-10', 36, True, 'نشط');
INSERT INTO service_subscriptions VALUES ('SUB001038', 'SME000239', 'سحابة', 'خدمة النسخ الاحتياطي السحابي - أساسي', 'N/A', 120.0, '2019-08-08', 12, True, 'منتهي');
INSERT INTO service_subscriptions VALUES ('SUB001039', 'SME000240', 'سحابة', 'خدمة النسخ الاحتياطي السحابي - أساسي', 'N/A', 120.0, '2022-02-07', 24, True, 'نشط');
INSERT INTO service_subscriptions VALUES ('SUB001040', 'SME000241', 'اتصالات', 'خط مؤجر مخصص 10 ميجابت', '10Mbps', 1200.0, '2024-01-18', 12, False, 'موقوف');
INSERT INTO service_subscriptions VALUES ('SUB001041', 'SME000242', 'إنترنت الأشياء', 'خطة اتصال إنترنت الأشياء - النمو', 'N/A', 180.0, '2020-12-09', 36, False, 'نشط');
INSERT INTO service_subscriptions VALUES ('SUB001042', 'SME000243', 'اتصالات', 'إنترنت فايبر للأعمال 500 ميجابت', '500Mbps', 599.0, '2019-07-18', 24, False, 'موقوف');
INSERT INTO service_subscriptions VALUES ('SUB001043', 'SME000244', 'اتصالات', 'حل SD-WAN - احترافي', '100Mbps', 1500.0, '2021-05-20', 12, True, 'موقوف');
INSERT INTO service_subscriptions VALUES ('SUB001044', 'SME000245', 'سحابة', 'تخزين سحابي 1000 جيجابايت', 'N/A', 80.0, '2020-03-04', 12, False, 'منتهي');
INSERT INTO service_subscriptions VALUES ('SUB001045', 'SME000246', 'سحابة', 'حماية DDoS - قياسي', 'N/A', 200.0, '2023-08-09', 24, False, 'نشط');
INSERT INTO service_subscriptions VALUES ('SUB001046', 'SME000247', 'إنترنت الأشياء', 'حل العدادات الذكية - متقدم', 'N/A', 300.0, '2019-03-12', 12, False, 'نشط');
INSERT INTO service_subscriptions VALUES ('SUB001047', 'SME000248', 'اتصالات', 'حل SD-WAN - احترافي', '100Mbps', 1500.0, '2022-08-31', 24, False, 'نشط');
INSERT INTO service_subscriptions VALUES ('SUB001048', 'SME000249', 'إنترنت الأشياء', 'حل العدادات الذكية - متقدم', 'N/A', 300.0, '2021-03-15', 12, True, 'نشط');
INSERT INTO service_subscriptions VALUES ('SUB001049', 'SME000250', 'إنترنت الأشياء', 'حل العدادات الذكية - متقدم', 'N/A', 300.0, '2022-12-06', 24, True, 'منتهي');
INSERT INTO service_subscriptions VALUES ('SUB001050', 'SME000251', 'اتصالات', 'إنترنت فايبر للأعمال 100 ميجابت', '100Mbps', 299.0, '2024-09-25', 24, True, 'نشط');
INSERT INTO service_subscriptions VALUES ('SUB001051', 'SME000252', 'اتصالات', 'إنترنت فايبر للأعمال 500 ميجابت', '500Mbps', 599.0, '2024-02-14', 12, False, 'موقوف');
INSERT INTO service_subscriptions VALUES ('SUB001052', 'SME000253', 'سحابة', 'خادم افتراضي - صغير', 'N/A', 150.0, '2021-03-23', 36, False, 'منتهي');
INSERT INTO service_subscriptions VALUES ('SUB001053', 'SME000254', 'اتصالات', 'إنترنت فايبر للأعمال 500 ميجابت', '500Mbps', 599.0, '2020-06-23', 24, True, 'نشط');
INSERT INTO service_subscriptions VALUES ('SUB001054', 'SME000255', 'اتصالات', 'خط مؤجر مخصص 10 ميجابت', '10Mbps', 1200.0, '2022-07-14', 24, True, 'نشط');
INSERT INTO service_subscriptions VALUES ('SUB001055', 'SME000256', 'سحابة', 'قاعدة بيانات مُدارة - متوسط', 'N/A', 250.0, '2023-11-20', 36, False, 'منتهي');
INSERT INTO service_subscriptions VALUES ('SUB001056', 'SME000257', 'اتصالات', 'حل SD-WAN - احترافي', '100Mbps', 1500.0, '2023-02-03', 12, False, 'نشط');
INSERT INTO service_subscriptions VALUES ('SUB001057', 'SME000258', 'إنترنت الأشياء', 'حل مراقبة الأصول - احترافي', 'N/A', 250.0, '2022-11-13', 36, False, 'نشط');
INSERT INTO service_subscriptions VALUES ('SUB001058', 'SME000259', 'اتصالات', 'إنترنت فايبر للأعمال 100 ميجابت', '100Mbps', 299.0, '2019-02-02', 12, False, 'منتهي');
INSERT INTO service_subscriptions VALUES ('SUB001059', 'SME000260', 'اتصالات', 'حل شبكة MPLS - قياسي', '50Mbps', 1800.0, '2023-06-16', 24, True, 'نشط');
INSERT INTO service_subscriptions VALUES ('SUB001060', 'SME000261', 'اتصالات', 'إنترنت فايبر للأعمال 1000 ميجابت', '1Gbps', 999.0, '2022-08-28', 12, True, 'نشط');
INSERT INTO service_subscriptions VALUES ('SUB001061', 'SME000262', 'اتصالات', 'خط مؤجر مخصص 10 ميجابت', '10Mbps', 1200.0, '2024-04-30', 24, False, 'نشط');
INSERT INTO service_subscriptions VALUES ('SUB001062', 'SME000263', 'إنترنت الأشياء', 'حل مراقبة الأصول - احترافي', 'N/A', 250.0, '2020-12-06', 12, True, 'موقوف');
INSERT INTO service_subscriptions VALUES ('SUB001063', 'SME000264', 'اتصالات', 'حل شبكة MPLS - قياسي', '50Mbps', 1800.0, '2019-08-22', 12, True, 'منتهي');
INSERT INTO service_subscriptions VALUES ('SUB001064', 'SME000265', 'اتصالات', 'إنترنت فايبر للأعمال 1000 ميجابت', '1Gbps', 999.0, '2022-10-21', 12, True, 'نشط');
INSERT INTO service_subscriptions VALUES ('SUB001065', 'SME000266', 'إنترنت الأشياء', 'خطة اتصال إنترنت الأشياء - النمو', 'N/A', 180.0, '2019-08-20', 12, False, 'نشط');
INSERT INTO service_subscriptions VALUES ('SUB001066', 'SME000267', 'اتصالات', 'إنترنت فايبر للأعمال 100 ميجابت', '100Mbps', 299.0, '2021-05-08', 36, False, 'نشط');
INSERT INTO service_subscriptions VALUES ('SUB001067', 'SME000268', 'اتصالات', 'حل شبكة MPLS - قياسي', '50Mbps', 1800.0, '2024-11-09', 36, True, 'موقوف');
INSERT INTO service_subscriptions VALUES ('SUB001068', 'SME000269', 'اتصالات', 'إنترنت فايبر للأعمال 500 ميجابت', '500Mbps', 599.0, '2021-08-09', 36, True, 'موقوف');
INSERT INTO service_subscriptions VALUES ('SUB001069', 'SME000270', 'سحابة', 'خادم افتراضي - صغير', 'N/A', 150.0, '2022-11-15', 36, True, 'منتهي');
INSERT INTO service_subscriptions VALUES ('SUB001070', 'SME000271', 'سحابة', 'حماية DDoS - قياسي', 'N/A', 200.0, '2020-09-25', 24, True, 'موقوف');
INSERT INTO service_subscriptions VALUES ('SUB001071', 'SME000272', 'إنترنت الأشياء', 'حل مراقبة الأصول - احترافي', 'N/A', 250.0, '2021-03-31', 12, True, 'نشط');
INSERT INTO service_subscriptions VALUES ('SUB001072', 'SME000273', 'اتصالات', 'حل SD-WAN - احترافي', '100Mbps', 1500.0, '2022-11-12', 36, False, 'منتهي');
INSERT INTO service_subscriptions VALUES ('SUB001073', 'SME000274', 'اتصالات', 'حل SD-WAN - احترافي', '100Mbps', 1500.0, '2019-10-08', 36, True, 'نشط');
INSERT INTO service_subscriptions VALUES ('SUB001074', 'SME000275', 'اتصالات', 'حل شبكة MPLS - قياسي', '50Mbps', 1800.0, '2020-04-01', 36, True, 'منتهي');
INSERT INTO service_subscriptions VALUES ('SUB001075', 'SME000276', 'اتصالات', 'إنترنت فايبر للأعمال 100 ميجابت', '100Mbps', 299.0, '2023-05-01', 36, False, 'موقوف');
INSERT INTO service_subscriptions VALUES ('SUB001076', 'SME000277', 'اتصالات', 'حل شبكة MPLS - قياسي', '50Mbps', 1800.0, '2024-06-23', 24, True, 'نشط');
INSERT INTO service_subscriptions VALUES ('SUB001077', 'SME000278', 'اتصالات', 'إنترنت فايبر للأعمال 1000 ميجابت', '1Gbps', 999.0, '2021-02-24', 36, True, 'نشط');
INSERT INTO service_subscriptions VALUES ('SUB001078', 'SME000279', 'اتصالات', 'حل شبكة MPLS - قياسي', '50Mbps', 1800.0, '2024-09-21', 24, True, 'منتهي');
INSERT INTO service_subscriptions VALUES ('SUB001079', 'SME000280', 'إنترنت الأشياء', 'حل مراقبة الأصول - احترافي', 'N/A', 250.0, '2021-03-21', 12, False, 'نشط');
INSERT INTO service_subscriptions VALUES ('SUB001080', 'SME000281', 'إنترنت الأشياء', 'خطة اتصال إنترنت الأشياء - النمو', 'N/A', 180.0, '2022-03-29', 36, True, 'منتهي');
INSERT INTO service_subscriptions VALUES ('SUB001081', 'SME000282', 'إنترنت الأشياء', 'حل مراقبة الأصول - احترافي', 'N/A', 250.0, '2024-03-27', 24, False, 'نشط');
INSERT INTO service_subscriptions VALUES ('SUB001082', 'SME000283', 'اتصالات', 'إنترنت فايبر للأعمال 500 ميجابت', '500Mbps', 599.0, '2020-10-01', 36, True, 'منتهي');
INSERT INTO service_subscriptions VALUES ('SUB001083', 'SME000284', 'إنترنت الأشياء', 'خطة اتصال إنترنت الأشياء - النمو', 'N/A', 180.0, '2021-08-11', 36, True, 'نشط');
INSERT INTO service_subscriptions VALUES ('SUB001084', 'SME000285', 'اتصالات', 'حل SD-WAN - احترافي', '100Mbps', 1500.0, '2024-11-17', 12, True, 'نشط');
INSERT INTO service_subscriptions VALUES ('SUB001085', 'SME000286', 'اتصالات', 'إنترنت فايبر للأعمال 100 ميجابت', '100Mbps', 299.0, '2022-04-28', 24, True, 'نشط');
INSERT INTO service_subscriptions VALUES ('SUB001086', 'SME000287', 'إنترنت الأشياء', 'حل العدادات الذكية - متقدم', 'N/A', 300.0, '2023-08-25', 24, True, 'نشط');
INSERT INTO service_subscriptions VALUES ('SUB001087', 'SME000288', 'اتصالات', 'إنترنت فايبر للأعمال 100 ميجابت', '100Mbps', 299.0, '2021-08-12', 24, False, 'منتهي');
INSERT INTO service_subscriptions VALUES ('SUB001088', 'SME000289', 'إنترنت الأشياء', 'حل العدادات الذكية - متقدم', 'N/A', 300.0, '2024-01-03', 24, True, 'نشط');
INSERT INTO service_subscriptions VALUES ('SUB001089', 'SME000290', 'اتصالات', 'إنترنت فايبر للأعمال 100 ميجابت', '100Mbps', 299.0, '2019-11-07', 12, False, 'موقوف');
INSERT INTO service_subscriptions VALUES ('SUB001090', 'SME000291', 'سحابة', 'حماية DDoS - قياسي', 'N/A', 200.0, '2024-12-14', 12, False, 'نشط');
INSERT INTO service_subscriptions VALUES ('SUB001091', 'SME000292', 'إنترنت الأشياء', 'خطة اتصال إنترنت الأشياء - النمو', 'N/A', 180.0, '2022-01-04', 36, True, 'نشط');
INSERT INTO service_subscriptions VALUES ('SUB001092', 'SME000293', 'اتصالات', 'إنترنت فايبر للأعمال 500 ميجابت', '500Mbps', 599.0, '2021-10-13', 12, False, 'منتهي');
INSERT INTO service_subscriptions VALUES ('SUB001093', 'SME000294', 'اتصالات', 'إنترنت فايبر للأعمال 1000 ميجابت', '1Gbps', 999.0, '2024-01-01', 36, True, 'نشط');
INSERT INTO service_subscriptions VALUES ('SUB001094', 'SME000295', 'إنترنت الأشياء', 'حل مراقبة الأصول - احترافي', 'N/A', 250.0, '2020-11-12', 24, True, 'موقوف');
INSERT INTO service_subscriptions VALUES ('SUB001095', 'SME000296', 'اتصالات', 'إنترنت فايبر للأعمال 1000 ميجابت', '1Gbps', 999.0, '2021-03-19', 12, False, 'موقوف');
INSERT INTO service_subscriptions VALUES ('SUB001096', 'SME000297', 'سحابة', 'خادم افتراضي - صغير', 'N/A', 150.0, '2024-01-26', 24, True, 'نشط');
INSERT INTO service_subscriptions VALUES ('SUB001097', 'SME000298', 'سحابة', 'حماية DDoS - قياسي', 'N/A', 200.0, '2019-11-02', 36, False, 'نشط');
INSERT INTO service_subscriptions VALUES ('SUB001098', 'SME000299', 'سحابة', 'قاعدة بيانات مُدارة - متوسط', 'N/A', 250.0, '2023-04-26', 36, True, 'نشط');
INSERT INTO service_subscriptions VALUES ('SUB001099', 'SME000300', 'سحابة', 'خدمة النسخ الاحتياطي السحابي - أساسي', 'N/A', 120.0, '2024-06-26', 36, True, 'نشط');
INSERT INTO service_subscriptions VALUES ('SUB001100', 'SME000301', 'سحابة', 'خادم افتراضي - كبير', 'N/A', 350.0, '2019-11-16', 12, True, 'نشط');
INSERT INTO service_subscriptions VALUES ('SUB001101', 'SME000302', 'سحابة', 'قاعدة بيانات مُدارة - متوسط', 'N/A', 250.0, '2024-11-08', 36, True, 'موقوف');
INSERT INTO service_subscriptions VALUES ('SUB001102', 'SME000303', 'إنترنت الأشياء', 'حل العدادات الذكية - متقدم', 'N/A', 300.0, '2021-03-05', 24, False, 'موقوف');
INSERT INTO service_subscriptions VALUES ('SUB001103', 'SME000304', 'إنترنت الأشياء', 'خطة اتصال إنترنت الأشياء - النمو', 'N/A', 180.0, '2023-07-16', 12, False, 'نشط');
INSERT INTO service_subscriptions VALUES ('SUB001104', 'SME000305', 'إنترنت الأشياء', 'حل مراقبة الأصول - احترافي', 'N/A', 250.0, '2020-07-15', 36, True, 'نشط');
INSERT INTO service_subscriptions VALUES ('SUB001105', 'SME000306', 'اتصالات', 'إنترنت فايبر للأعمال 1000 ميجابت', '1Gbps', 999.0, '2024-06-12', 36, False, 'نشط');
INSERT INTO service_subscriptions VALUES ('SUB001106', 'SME000307', 'اتصالات', 'إنترنت فايبر للأعمال 1000 ميجابت', '1Gbps', 999.0, '2020-06-02', 36, False, 'منتهي');
INSERT INTO service_subscriptions VALUES ('SUB001107', 'SME000308', 'اتصالات', 'إنترنت فايبر للأعمال 500 ميجابت', '500Mbps', 599.0, '2022-12-24', 36, False, 'نشط');
INSERT INTO service_subscriptions VALUES ('SUB001108', 'SME000309', 'إنترنت الأشياء', 'نظام تتبع الأسطول - كبير', 'N/A', 400.0, '2023-04-22', 12, False, 'نشط');
INSERT INTO service_subscriptions VALUES ('SUB001109', 'SME000310', 'اتصالات', 'حل شبكة MPLS - قياسي', '50Mbps', 1800.0, '2020-12-16', 36, False, 'نشط');
INSERT INTO service_subscriptions VALUES ('SUB001110', 'SME000201', 'سحابة', 'خادم افتراضي - كبير', 'N/A', 350.0, '2019-12-07', 36, False, 'نشط');
INSERT INTO service_subscriptions VALUES ('SUB001111', 'SME000202', 'سحابة', 'خادم افتراضي - صغير', 'N/A', 150.0, '2022-11-14', 24, True, 'نشط');
INSERT INTO service_subscriptions VALUES ('SUB001112', 'SME000203', 'سحابة', 'تخزين سحابي 1000 جيجابايت', 'N/A', 80.0, '2022-09-07', 36, True, 'نشط');
INSERT INTO service_subscriptions VALUES ('SUB001113', 'SME000204', 'سحابة', 'تخزين سحابي 1000 جيجابايت', 'N/A', 80.0, '2021-07-27', 24, True, 'موقوف');
INSERT INTO service_subscriptions VALUES ('SUB001114', 'SME000205', 'اتصالات', 'إنترنت فايبر للأعمال 500 ميجابت', '500Mbps', 599.0, '2023-01-17', 24, True, 'نشط');
INSERT INTO service_subscriptions VALUES ('SUB001115', 'SME000206', 'إنترنت الأشياء', 'خطة اتصال إنترنت الأشياء - النمو', 'N/A', 180.0, '2020-06-14', 36, False, 'منتهي');
INSERT INTO service_subscriptions VALUES ('SUB001116', 'SME000207', 'اتصالات', 'إنترنت فايبر للأعمال 500 ميجابت', '500Mbps', 599.0, '2021-06-27', 24, True, 'نشط');
INSERT INTO service_subscriptions VALUES ('SUB001117', 'SME000208', 'سحابة', 'تخزين سحابي 1000 جيجابايت', 'N/A', 80.0, '2021-10-20', 12, True, 'نشط');
INSERT INTO service_subscriptions VALUES ('SUB001118', 'SME000209', 'اتصالات', 'إنترنت فايبر للأعمال 1000 ميجابت', '1Gbps', 999.0, '2019-10-07', 12, True, 'نشط');
INSERT INTO service_subscriptions VALUES ('SUB001119', 'SME000210', 'اتصالات', 'حل شبكة MPLS - قياسي', '50Mbps', 1800.0, '2020-04-27', 12, True, 'نشط');
INSERT INTO service_subscriptions VALUES ('SUB001120', 'SME000211', 'سحابة', 'حماية DDoS - قياسي', 'N/A', 200.0, '2020-08-05', 36, False, 'نشط');
INSERT INTO service_subscriptions VALUES ('SUB001121', 'SME000212', 'إنترنت الأشياء', 'نظام تتبع الأسطول - كبير', 'N/A', 400.0, '2020-01-05', 36, True, 'موقوف');
INSERT INTO service_subscriptions VALUES ('SUB001122', 'SME000213', 'اتصالات', 'إنترنت فايبر للأعمال 500 ميجابت', '500Mbps', 599.0, '2022-08-14', 24, True, 'نشط');
INSERT INTO service_subscriptions VALUES ('SUB001123', 'SME000214', 'سحابة', 'تخزين سحابي 1000 جيجابايت', 'N/A', 80.0, '2021-10-19', 12, True, 'نشط');
INSERT INTO service_subscriptions VALUES ('SUB001124', 'SME000215', 'سحابة', 'خادم افتراضي - صغير', 'N/A', 150.0, '2024-03-18', 24, True, 'منتهي');
INSERT INTO service_subscriptions VALUES ('SUB001125', 'SME000216', 'اتصالات', 'خط مؤجر مخصص 10 ميجابت', '10Mbps', 1200.0, '2021-08-30', 24, True, 'نشط');
INSERT INTO service_subscriptions VALUES ('SUB001126', 'SME000217', 'اتصالات', 'إنترنت فايبر للأعمال 1000 ميجابت', '1Gbps', 999.0, '2019-01-24', 36, False, 'موقوف');
INSERT INTO service_subscriptions VALUES ('SUB001127', 'SME000218', 'اتصالات', 'حل شبكة MPLS - قياسي', '50Mbps', 1800.0, '2023-05-25', 36, False, 'موقوف');
INSERT INTO service_subscriptions VALUES ('SUB001128', 'SME000219', 'إنترنت الأشياء', 'حل العدادات الذكية - متقدم', 'N/A', 300.0, '2021-06-13', 36, False, 'نشط');
INSERT INTO service_subscriptions VALUES ('SUB001129', 'SME000220', 'سحابة', 'تخزين سحابي 1000 جيجابايت', 'N/A', 80.0, '2022-02-21', 36, False, 'منتهي');
INSERT INTO service_subscriptions VALUES ('SUB001130', 'SME000221', 'اتصالات', 'حل شبكة MPLS - قياسي', '50Mbps', 1800.0, '2022-08-19', 24, True, 'نشط');
INSERT INTO service_subscriptions VALUES ('SUB001131', 'SME000222', 'سحابة', 'خادم افتراضي - كبير', 'N/A', 350.0, '2022-09-21', 36, False, 'نشط');
INSERT INTO service_subscriptions VALUES ('SUB001132', 'SME000223', 'سحابة', 'قاعدة بيانات مُدارة - متوسط', 'N/A', 250.0, '2023-11-11', 12, True, 'نشط');
INSERT INTO service_subscriptions VALUES ('SUB001133', 'SME000224', 'سحابة', 'حماية DDoS - قياسي', 'N/A', 200.0, '2019-03-18', 36, True, 'منتهي');
INSERT INTO service_subscriptions VALUES ('SUB001134', 'SME000225', 'اتصالات', 'إنترنت فايبر للأعمال 500 ميجابت', '500Mbps', 599.0, '2019-09-05', 24, True, 'نشط');
INSERT INTO service_subscriptions VALUES ('SUB001135', 'SME000226', 'إنترنت الأشياء', 'خطة اتصال إنترنت الأشياء - النمو', 'N/A', 180.0, '2020-03-06', 36, False, 'موقوف');
INSERT INTO service_subscriptions VALUES ('SUB001136', 'SME000227', 'إنترنت الأشياء', 'حل العدادات الذكية - متقدم', 'N/A', 300.0, '2021-04-11', 36, False, 'نشط');
INSERT INTO service_subscriptions VALUES ('SUB001137', 'SME000228', 'اتصالات', 'إنترنت فايبر للأعمال 500 ميجابت', '500Mbps', 599.0, '2024-09-01', 12, True, 'نشط');
INSERT INTO service_subscriptions VALUES ('SUB001138', 'SME000229', 'إنترنت الأشياء', 'حل العدادات الذكية - متقدم', 'N/A', 300.0, '2020-08-07', 24, True, 'نشط');
INSERT INTO service_subscriptions VALUES ('SUB001139', 'SME000230', 'اتصالات', 'حل SD-WAN - احترافي', '100Mbps', 1500.0, '2024-05-04', 12, False, 'منتهي');
INSERT INTO service_subscriptions VALUES ('SUB001140', 'SME000231', 'سحابة', 'خادم افتراضي - كبير', 'N/A', 350.0, '2020-07-15', 12, True, 'نشط');
INSERT INTO service_subscriptions VALUES ('SUB001141', 'SME000232', 'اتصالات', 'إنترنت فايبر للأعمال 1000 ميجابت', '1Gbps', 999.0, '2024-01-16', 12, True, 'منتهي');
INSERT INTO service_subscriptions VALUES ('SUB001142', 'SME000233', 'سحابة', 'خدمة النسخ الاحتياطي السحابي - أساسي', 'N/A', 120.0, '2022-01-23', 36, True, 'موقوف');
INSERT INTO service_subscriptions VALUES ('SUB001143', 'SME000234', 'سحابة', 'خادم افتراضي - كبير', 'N/A', 350.0, '2022-11-08', 12, True, 'نشط');
INSERT INTO service_subscriptions VALUES ('SUB001144', 'SME000235', 'سحابة', 'خادم افتراضي - صغير', 'N/A', 150.0, '2024-04-28', 24, True, 'نشط');
INSERT INTO service_subscriptions VALUES ('SUB001145', 'SME000236', 'اتصالات', 'خط مؤجر مخصص 10 ميجابت', '10Mbps', 1200.0, '2021-09-14', 36, True, 'نشط');
INSERT INTO service_subscriptions VALUES ('SUB001146', 'SME000237', 'اتصالات', 'حل SD-WAN - احترافي', '100Mbps', 1500.0, '2021-04-28', 36, False, 'منتهي');
INSERT INTO service_subscriptions VALUES ('SUB001147', 'SME000238', 'اتصالات', 'حل SD-WAN - احترافي', '100Mbps', 1500.0, '2023-05-07', 12, True, 'نشط');
INSERT INTO service_subscriptions VALUES ('SUB001148', 'SME000239', 'اتصالات', 'خط مؤجر مخصص 10 ميجابت', '10Mbps', 1200.0, '2022-09-20', 24, False, 'نشط');
INSERT INTO service_subscriptions VALUES ('SUB001149', 'SME000240', 'اتصالات', 'إنترنت فايبر للأعمال 1000 ميجابت', '1Gbps', 999.0, '2022-09-20', 36, True, 'نشط');

-- جدول العقود
CREATE TABLE IF NOT EXISTS contracts (
    contract_id TEXT(20) PRIMARY KEY,
    customer_id TEXT(20) NOT NULL,
    contract_type TEXT(50) NOT NULL,
    start_date TEXT NOT NULL,
    end_date TEXT NOT NULL,
    total_value REAL(12, 2) NOT NULL,
    billing_cycle TEXT(20),
    payment_terms TEXT(50),
    sla_uptime_guarantee REAL(5, 2),
    penalty_clause TEXT,
    signed_by TEXT(100),
    status TEXT(20),
    FOREIGN KEY (customer_id) REFERENCES customers(customer_id)
);

INSERT INTO contracts VALUES ('CNT002000', 'SME000201', 'اتفاقية مؤسسية', '2023-04-06', '2026-04-05', 488610.41, 'سنوي', 'صافي 45 يوم', 99.5, 'يتم تطبيق أرصدة الخدمة في حالة التوقف الذي يتجاوز اتفاقية مستوى الخدمة', 'مدير العقود', 'مجدد');
INSERT INTO contracts VALUES ('CNT002001', 'SME000202', 'اتفاقية مؤسسية', '2020-05-28', '2021-05-28', 448423.4, 'سنوي', 'مدفوع مسبقاً', 99.95, 'يتم تطبيق أرصدة الخدمة في حالة التوقف الذي يتجاوز اتفاقية مستوى الخدمة', 'مدير العقود', 'مجدد');
INSERT INTO contracts VALUES ('CNT002002', 'SME000203', 'اتفاقية مؤسسية', '2024-12-04', '2027-12-04', 492844.2, 'شهري', 'صافي 30 يوم', 99.5, 'يتم تطبيق أرصدة الخدمة في حالة التوقف الذي يتجاوز اتفاقية مستوى الخدمة', 'مدير العقود', 'مجدد');
INSERT INTO contracts VALUES ('CNT002003', 'SME000204', 'عقد حل مخصص', '2023-04-11', '2025-04-10', 463970.12, 'ربع سنوي', 'صافي 45 يوم', 99.9, 'يتم تطبيق أرصدة الخدمة في حالة التوقف الذي يتجاوز اتفاقية مستوى الخدمة', 'مدير العقود', 'مجدد');
INSERT INTO contracts VALUES ('CNT002004', 'SME000205', 'اتفاقية مؤسسية', '2020-10-27', '2023-10-27', 175192.65, 'ربع سنوي', 'صافي 45 يوم', 99.5, 'يتم تطبيق أرصدة الخدمة في حالة التوقف الذي يتجاوز اتفاقية مستوى الخدمة', 'مدير العقود', 'منتهي');
INSERT INTO contracts VALUES ('CNT002005', 'SME000206', 'اتفاقية خدمة قياسية', '2024-09-24', '2026-09-24', 33914.08, 'ربع سنوي', 'صافي 60 يوم', 99.99, 'يتم تطبيق أرصدة الخدمة في حالة التوقف الذي يتجاوز اتفاقية مستوى الخدمة', 'مدير العقود', 'مجدد');
INSERT INTO contracts VALUES ('CNT002006', 'SME000207', 'اتفاقية مؤسسية', '2020-02-18', '2022-02-17', 342167.54, 'ربع سنوي', 'صافي 30 يوم', 99.5, 'يتم تطبيق أرصدة الخدمة في حالة التوقف الذي يتجاوز اتفاقية مستوى الخدمة', 'مدير العقود', 'منتهي');
INSERT INTO contracts VALUES ('CNT002007', 'SME000208', 'عقد حل مخصص', '2024-06-29', '2026-06-29', 326536.67, 'ربع سنوي', 'صافي 45 يوم', 99.9, 'يتم تطبيق أرصدة الخدمة في حالة التوقف الذي يتجاوز اتفاقية مستوى الخدمة', 'مدير العقود', 'نشط');
INSERT INTO contracts VALUES ('CNT002008', 'SME000209', 'اتفاقية خدمة قياسية', '2021-04-29', '2023-04-29', 418557.36, 'ربع سنوي', 'صافي 60 يوم', 99.95, 'يتم تطبيق أرصدة الخدمة في حالة التوقف الذي يتجاوز اتفاقية مستوى الخدمة', 'مدير العقود', 'منتهي');
INSERT INTO contracts VALUES ('CNT002009', 'SME000210', 'اتفاقية مؤسسية', '2020-12-20', '2023-12-20', 216417.48, 'شهري', 'صافي 30 يوم', 99.99, 'يتم تطبيق أرصدة الخدمة في حالة التوقف الذي يتجاوز اتفاقية مستوى الخدمة', 'مدير العقود', 'نشط');
INSERT INTO contracts VALUES ('CNT002010', 'SME000211', 'اتفاقية مؤسسية', '2022-12-09', '2024-12-08', 63709.82, 'شهري', 'صافي 60 يوم', 99.99, 'يتم تطبيق أرصدة الخدمة في حالة التوقف الذي يتجاوز اتفاقية مستوى الخدمة', 'مدير العقود', 'منتهي');
INSERT INTO contracts VALUES ('CNT002011', 'SME000212', 'عقد حل مخصص', '2023-02-02', '2024-02-02', 251586.02, 'ربع سنوي', 'صافي 30 يوم', 99.99, 'يتم تطبيق أرصدة الخدمة في حالة التوقف الذي يتجاوز اتفاقية مستوى الخدمة', 'مدير العقود', 'منتهي');
INSERT INTO contracts VALUES ('CNT002012', 'SME000213', 'عقد حل مخصص', '2022-08-09', '2025-08-08', 484858.2, 'شهري', 'مدفوع مسبقاً', 99.5, 'يتم تطبيق أرصدة الخدمة في حالة التوقف الذي يتجاوز اتفاقية مستوى الخدمة', 'مدير العقود', 'مجدد');
INSERT INTO contracts VALUES ('CNT002013', 'SME000214', 'اتفاقية خدمة قياسية', '2021-04-18', '2022-04-18', 83037.41, 'سنوي', 'صافي 60 يوم', 99.5, 'يتم تطبيق أرصدة الخدمة في حالة التوقف الذي يتجاوز اتفاقية مستوى الخدمة', 'مدير العقود', 'مجدد');
INSERT INTO contracts VALUES ('CNT002014', 'SME000215', 'اتفاقية خدمة قياسية', '2023-10-23', '2026-10-22', 359098.95, 'شهري', 'صافي 45 يوم', 99.5, 'يتم تطبيق أرصدة الخدمة في حالة التوقف الذي يتجاوز اتفاقية مستوى الخدمة', 'مدير العقود', 'مجدد');
INSERT INTO contracts VALUES ('CNT002015', 'SME000216', 'اتفاقية خدمة قياسية', '2020-07-13', '2023-07-13', 13354.74, 'ربع سنوي', 'صافي 60 يوم', 99.5, 'يتم تطبيق أرصدة الخدمة في حالة التوقف الذي يتجاوز اتفاقية مستوى الخدمة', 'مدير العقود', 'نشط');
INSERT INTO contracts VALUES ('CNT002016', 'SME000217', 'اتفاقية مؤسسية', '2022-11-07', '2025-11-06', 445589.7, 'شهري', 'صافي 30 يوم', 99.5, 'يتم تطبيق أرصدة الخدمة في حالة التوقف الذي يتجاوز اتفاقية مستوى الخدمة', 'مدير العقود', 'منتهي');
INSERT INTO contracts VALUES ('CNT002017', 'SME000218', 'اتفاقية خدمة قياسية', '2020-05-26', '2022-05-26', 334694.15, 'ربع سنوي', 'صافي 45 يوم', 99.5, 'يتم تطبيق أرصدة الخدمة في حالة التوقف الذي يتجاوز اتفاقية مستوى الخدمة', 'مدير العقود', 'منتهي');
INSERT INTO contracts VALUES ('CNT002018', 'SME000219', 'اتفاقية مؤسسية', '2024-10-18', '2025-10-18', 429321.23, 'ربع سنوي', 'مدفوع مسبقاً', 99.99, 'يتم تطبيق أرصدة الخدمة في حالة التوقف الذي يتجاوز اتفاقية مستوى الخدمة', 'مدير العقود', 'مجدد');
INSERT INTO contracts VALUES ('CNT002019', 'SME000220', 'عقد حل مخصص', '2021-02-14', '2023-02-14', 114582.85, 'ربع سنوي', 'صافي 45 يوم', 99.99, 'يتم تطبيق أرصدة الخدمة في حالة التوقف الذي يتجاوز اتفاقية مستوى الخدمة', 'مدير العقود', 'منتهي');
INSERT INTO contracts VALUES ('CNT002020', 'SME000221', 'اتفاقية مؤسسية', '2024-06-20', '2027-06-20', 498635.13, 'شهري', 'صافي 45 يوم', 99.95, 'يتم تطبيق أرصدة الخدمة في حالة التوقف الذي يتجاوز اتفاقية مستوى الخدمة', 'مدير العقود', 'مجدد');
INSERT INTO contracts VALUES ('CNT002021', 'SME000222', 'اتفاقية خدمة قياسية', '2024-05-17', '2025-05-17', 198024.14, 'ربع سنوي', 'مدفوع مسبقاً', 99.95, 'يتم تطبيق أرصدة الخدمة في حالة التوقف الذي يتجاوز اتفاقية مستوى الخدمة', 'مدير العقود', 'مجدد');
INSERT INTO contracts VALUES ('CNT002022', 'SME000223', 'عقد حل مخصص', '2024-07-22', '2025-07-22', 225096.79, 'شهري', 'مدفوع مسبقاً', 99.95, 'يتم تطبيق أرصدة الخدمة في حالة التوقف الذي يتجاوز اتفاقية مستوى الخدمة', 'مدير العقود', 'منتهي');
INSERT INTO contracts VALUES ('CNT002023', 'SME000224', 'اتفاقية خدمة قياسية', '2022-03-29', '2023-03-29', 221504.78, 'شهري', 'صافي 45 يوم', 99.95, 'يتم تطبيق أرصدة الخدمة في حالة التوقف الذي يتجاوز اتفاقية مستوى الخدمة', 'مدير العقود', 'منتهي');
INSERT INTO contracts VALUES ('CNT002024', 'SME000225', 'اتفاقية خدمة قياسية', '2022-04-26', '2025-04-25', 354889.51, 'ربع سنوي', 'صافي 30 يوم', 99.5, 'يتم تطبيق أرصدة الخدمة في حالة التوقف الذي يتجاوز اتفاقية مستوى الخدمة', 'مدير العقود', 'نشط');
INSERT INTO contracts VALUES ('CNT002025', 'SME000226', 'عقد حل مخصص', '2024-02-09', '2026-02-08', 335803.85, 'ربع سنوي', 'صافي 30 يوم', 99.5, 'يتم تطبيق أرصدة الخدمة في حالة التوقف الذي يتجاوز اتفاقية مستوى الخدمة', 'مدير العقود', 'نشط');
INSERT INTO contracts VALUES ('CNT002026', 'SME000227', 'اتفاقية مؤسسية', '2020-06-06', '2022-06-06', 273095.2, 'شهري', 'صافي 45 يوم', 99.95, 'يتم تطبيق أرصدة الخدمة في حالة التوقف الذي يتجاوز اتفاقية مستوى الخدمة', 'مدير العقود', 'منتهي');
INSERT INTO contracts VALUES ('CNT002027', 'SME000228', 'عقد حل مخصص', '2023-02-16', '2024-02-16', 440412.07, 'شهري', 'صافي 45 يوم', 99.5, 'يتم تطبيق أرصدة الخدمة في حالة التوقف الذي يتجاوز اتفاقية مستوى الخدمة', 'مدير العقود', 'منتهي');
INSERT INTO contracts VALUES ('CNT002028', 'SME000229', 'عقد حل مخصص', '2022-07-23', '2024-07-22', 481266.48, 'شهري', 'مدفوع مسبقاً', 99.95, 'يتم تطبيق أرصدة الخدمة في حالة التوقف الذي يتجاوز اتفاقية مستوى الخدمة', 'مدير العقود', 'مجدد');
INSERT INTO contracts VALUES ('CNT002029', 'SME000230', 'اتفاقية مؤسسية', '2021-12-10', '2022-12-10', 61038.74, 'ربع سنوي', 'صافي 30 يوم', 99.9, 'يتم تطبيق أرصدة الخدمة في حالة التوقف الذي يتجاوز اتفاقية مستوى الخدمة', 'مدير العقود', 'مجدد');
INSERT INTO contracts VALUES ('CNT002030', 'SME000231', 'اتفاقية خدمة قياسية', '2021-02-06', '2022-02-06', 460632.39, 'سنوي', 'صافي 60 يوم', 99.99, 'يتم تطبيق أرصدة الخدمة في حالة التوقف الذي يتجاوز اتفاقية مستوى الخدمة', 'مدير العقود', 'منتهي');
INSERT INTO contracts VALUES ('CNT002031', 'SME000232', 'اتفاقية مؤسسية', '2024-09-01', '2026-09-01', 442719.28, 'شهري', 'صافي 45 يوم', 99.95, 'يتم تطبيق أرصدة الخدمة في حالة التوقف الذي يتجاوز اتفاقية مستوى الخدمة', 'مدير العقود', 'نشط');
INSERT INTO contracts VALUES ('CNT002032', 'SME000233', 'عقد حل مخصص', '2020-11-06', '2022-11-06', 74559.2, 'سنوي', 'مدفوع مسبقاً', 99.95, 'يتم تطبيق أرصدة الخدمة في حالة التوقف الذي يتجاوز اتفاقية مستوى الخدمة', 'مدير العقود', 'مجدد');
INSERT INTO contracts VALUES ('CNT002033', 'SME000234', 'عقد حل مخصص', '2023-06-20', '2024-06-19', 199783.59, 'ربع سنوي', 'صافي 30 يوم', 99.5, 'يتم تطبيق أرصدة الخدمة في حالة التوقف الذي يتجاوز اتفاقية مستوى الخدمة', 'مدير العقود', 'نشط');
INSERT INTO contracts VALUES ('CNT002034', 'SME000235', 'اتفاقية خدمة قياسية', '2021-05-05', '2024-05-04', 41621.33, 'ربع سنوي', 'صافي 30 يوم', 99.5, 'يتم تطبيق أرصدة الخدمة في حالة التوقف الذي يتجاوز اتفاقية مستوى الخدمة', 'مدير العقود', 'مجدد');
INSERT INTO contracts VALUES ('CNT002035', 'SME000236', 'اتفاقية خدمة قياسية', '2022-07-01', '2023-07-01', 218731.14, 'شهري', 'صافي 60 يوم', 99.5, 'يتم تطبيق أرصدة الخدمة في حالة التوقف الذي يتجاوز اتفاقية مستوى الخدمة', 'مدير العقود', 'مجدد');
INSERT INTO contracts VALUES ('CNT002036', 'SME000237', 'اتفاقية مؤسسية', '2022-06-02', '2023-06-02', 493891.09, 'شهري', 'مدفوع مسبقاً', 99.95, 'يتم تطبيق أرصدة الخدمة في حالة التوقف الذي يتجاوز اتفاقية مستوى الخدمة', 'مدير العقود', 'منتهي');
INSERT INTO contracts VALUES ('CNT002037', 'SME000238', 'عقد حل مخصص', '2020-09-01', '2022-09-01', 490251.32, 'ربع سنوي', 'صافي 45 يوم', 99.5, 'يتم تطبيق أرصدة الخدمة في حالة التوقف الذي يتجاوز اتفاقية مستوى الخدمة', 'مدير العقود', 'مجدد');
INSERT INTO contracts VALUES ('CNT002038', 'SME000239', 'عقد حل مخصص', '2024-07-06', '2027-07-06', 492229.14, 'ربع سنوي', 'صافي 30 يوم', 99.99, 'يتم تطبيق أرصدة الخدمة في حالة التوقف الذي يتجاوز اتفاقية مستوى الخدمة', 'مدير العقود', 'مجدد');
INSERT INTO contracts VALUES ('CNT002039', 'SME000240', 'اتفاقية خدمة قياسية', '2021-12-01', '2024-11-30', 388492.18, 'ربع سنوي', 'صافي 60 يوم', 99.99, 'يتم تطبيق أرصدة الخدمة في حالة التوقف الذي يتجاوز اتفاقية مستوى الخدمة', 'مدير العقود', 'نشط');
INSERT INTO contracts VALUES ('CNT002040', 'SME000241', 'عقد حل مخصص', '2024-03-19', '2026-03-19', 251300.91, 'سنوي', 'صافي 30 يوم', 99.9, 'يتم تطبيق أرصدة الخدمة في حالة التوقف الذي يتجاوز اتفاقية مستوى الخدمة', 'مدير العقود', 'نشط');
INSERT INTO contracts VALUES ('CNT002041', 'SME000242', 'اتفاقية خدمة قياسية', '2020-02-09', '2021-02-08', 350649.53, 'شهري', 'صافي 45 يوم', 99.5, 'يتم تطبيق أرصدة الخدمة في حالة التوقف الذي يتجاوز اتفاقية مستوى الخدمة', 'مدير العقود', 'نشط');
INSERT INTO contracts VALUES ('CNT002042', 'SME000243', 'عقد حل مخصص', '2023-02-17', '2024-02-17', 92155.18, 'سنوي', 'صافي 60 يوم', 99.99, 'يتم تطبيق أرصدة الخدمة في حالة التوقف الذي يتجاوز اتفاقية مستوى الخدمة', 'مدير العقود', 'مجدد');
INSERT INTO contracts VALUES ('CNT002043', 'SME000244', 'اتفاقية مؤسسية', '2020-10-05', '2023-10-05', 462498.87, 'ربع سنوي', 'صافي 30 يوم', 99.95, 'يتم تطبيق أرصدة الخدمة في حالة التوقف الذي يتجاوز اتفاقية مستوى الخدمة', 'مدير العقود', 'مجدد');
INSERT INTO contracts VALUES ('CNT002044', 'SME000245', 'اتفاقية مؤسسية', '2022-10-13', '2023-10-13', 315023.0, 'ربع سنوي', 'صافي 30 يوم', 99.95, 'يتم تطبيق أرصدة الخدمة في حالة التوقف الذي يتجاوز اتفاقية مستوى الخدمة', 'مدير العقود', 'نشط');
INSERT INTO contracts VALUES ('CNT002045', 'SME000246', 'اتفاقية مؤسسية', '2024-11-05', '2025-11-05', 463926.03, 'شهري', 'مدفوع مسبقاً', 99.5, 'يتم تطبيق أرصدة الخدمة في حالة التوقف الذي يتجاوز اتفاقية مستوى الخدمة', 'مدير العقود', 'نشط');
INSERT INTO contracts VALUES ('CNT002046', 'SME000247', 'اتفاقية خدمة قياسية', '2020-11-28', '2023-11-28', 269600.52, 'شهري', 'مدفوع مسبقاً', 99.99, 'يتم تطبيق أرصدة الخدمة في حالة التوقف الذي يتجاوز اتفاقية مستوى الخدمة', 'مدير العقود', 'منتهي');
INSERT INTO contracts VALUES ('CNT002047', 'SME000248', 'عقد حل مخصص', '2020-09-09', '2021-09-09', 11081.32, 'شهري', 'صافي 45 يوم', 99.99, 'يتم تطبيق أرصدة الخدمة في حالة التوقف الذي يتجاوز اتفاقية مستوى الخدمة', 'مدير العقود', 'مجدد');
INSERT INTO contracts VALUES ('CNT002048', 'SME000249', 'عقد حل مخصص', '2023-07-01', '2024-06-30', 422459.77, 'ربع سنوي', 'صافي 30 يوم', 99.9, 'يتم تطبيق أرصدة الخدمة في حالة التوقف الذي يتجاوز اتفاقية مستوى الخدمة', 'مدير العقود', 'منتهي');
INSERT INTO contracts VALUES ('CNT002049', 'SME000250', 'عقد حل مخصص', '2022-06-15', '2025-06-14', 386230.66, 'شهري', 'مدفوع مسبقاً', 99.95, 'يتم تطبيق أرصدة الخدمة في حالة التوقف الذي يتجاوز اتفاقية مستوى الخدمة', 'مدير العقود', 'مجدد');
INSERT INTO contracts VALUES ('CNT002050', 'SME000251', 'اتفاقية خدمة قياسية', '2020-09-16', '2022-09-16', 370292.58, 'سنوي', 'صافي 30 يوم', 99.5, 'يتم تطبيق أرصدة الخدمة في حالة التوقف الذي يتجاوز اتفاقية مستوى الخدمة', 'مدير العقود', 'نشط');
INSERT INTO contracts VALUES ('CNT002051', 'SME000252', 'اتفاقية خدمة قياسية', '2022-12-26', '2025-12-25', 133047.83, 'ربع سنوي', 'مدفوع مسبقاً', 99.5, 'يتم تطبيق أرصدة الخدمة في حالة التوقف الذي يتجاوز اتفاقية مستوى الخدمة', 'مدير العقود', 'نشط');
INSERT INTO contracts VALUES ('CNT002052', 'SME000253', 'اتفاقية خدمة قياسية', '2024-06-24', '2027-06-24', 355874.06, 'ربع سنوي', 'صافي 45 يوم', 99.99, 'يتم تطبيق أرصدة الخدمة في حالة التوقف الذي يتجاوز اتفاقية مستوى الخدمة', 'مدير العقود', 'مجدد');
INSERT INTO contracts VALUES ('CNT002053', 'SME000254', 'اتفاقية مؤسسية', '2024-06-17', '2025-06-17', 330157.25, 'سنوي', 'مدفوع مسبقاً', 99.95, 'يتم تطبيق أرصدة الخدمة في حالة التوقف الذي يتجاوز اتفاقية مستوى الخدمة', 'مدير العقود', 'مجدد');
INSERT INTO contracts VALUES ('CNT002054', 'SME000255', 'عقد حل مخصص', '2022-04-29', '2025-04-28', 169122.49, 'سنوي', 'صافي 60 يوم', 99.95, 'يتم تطبيق أرصدة الخدمة في حالة التوقف الذي يتجاوز اتفاقية مستوى الخدمة', 'مدير العقود', 'مجدد');
INSERT INTO contracts VALUES ('CNT002055', 'SME000256', 'عقد حل مخصص', '2024-06-10', '2026-06-10', 106970.01, 'سنوي', 'مدفوع مسبقاً', 99.9, 'يتم تطبيق أرصدة الخدمة في حالة التوقف الذي يتجاوز اتفاقية مستوى الخدمة', 'مدير العقود', 'مجدد');
INSERT INTO contracts VALUES ('CNT002056', 'SME000257', 'اتفاقية خدمة قياسية', '2020-09-30', '2023-09-30', 114690.49, 'شهري', 'صافي 60 يوم', 99.95, 'يتم تطبيق أرصدة الخدمة في حالة التوقف الذي يتجاوز اتفاقية مستوى الخدمة', 'مدير العقود', 'نشط');
INSERT INTO contracts VALUES ('CNT002057', 'SME000258', 'عقد حل مخصص', '2022-04-18', '2023-04-18', 168467.2, 'سنوي', 'صافي 45 يوم', 99.5, 'يتم تطبيق أرصدة الخدمة في حالة التوقف الذي يتجاوز اتفاقية مستوى الخدمة', 'مدير العقود', 'نشط');
INSERT INTO contracts VALUES ('CNT002058', 'SME000259', 'اتفاقية خدمة قياسية', '2023-01-06', '2024-01-06', 385442.05, 'شهري', 'صافي 30 يوم', 99.95, 'يتم تطبيق أرصدة الخدمة في حالة التوقف الذي يتجاوز اتفاقية مستوى الخدمة', 'مدير العقود', 'منتهي');
INSERT INTO contracts VALUES ('CNT002059', 'SME000260', 'اتفاقية خدمة قياسية', '2023-11-09', '2025-11-08', 202855.26, 'شهري', 'صافي 45 يوم', 99.5, 'يتم تطبيق أرصدة الخدمة في حالة التوقف الذي يتجاوز اتفاقية مستوى الخدمة', 'مدير العقود', 'منتهي');
INSERT INTO contracts VALUES ('CNT002060', 'SME000261', 'اتفاقية خدمة قياسية', '2020-03-08', '2023-03-08', 71915.59, 'شهري', 'صافي 30 يوم', 99.99, 'يتم تطبيق أرصدة الخدمة في حالة التوقف الذي يتجاوز اتفاقية مستوى الخدمة', 'مدير العقود', 'نشط');
INSERT INTO contracts VALUES ('CNT002061', 'SME000262', 'عقد حل مخصص', '2024-02-13', '2027-02-12', 460352.08, 'ربع سنوي', 'صافي 45 يوم', 99.5, 'يتم تطبيق أرصدة الخدمة في حالة التوقف الذي يتجاوز اتفاقية مستوى الخدمة', 'مدير العقود', 'منتهي');
INSERT INTO contracts VALUES ('CNT002062', 'SME000263', 'عقد حل مخصص', '2023-02-13', '2026-02-12', 119550.08, 'ربع سنوي', 'صافي 45 يوم', 99.9, 'يتم تطبيق أرصدة الخدمة في حالة التوقف الذي يتجاوز اتفاقية مستوى الخدمة', 'مدير العقود', 'نشط');
INSERT INTO contracts VALUES ('CNT002063', 'SME000264', 'اتفاقية مؤسسية', '2021-07-19', '2022-07-19', 283824.72, 'شهري', 'مدفوع مسبقاً', 99.95, 'يتم تطبيق أرصدة الخدمة في حالة التوقف الذي يتجاوز اتفاقية مستوى الخدمة', 'مدير العقود', 'منتهي');
INSERT INTO contracts VALUES ('CNT002064', 'SME000265', 'اتفاقية خدمة قياسية', '2022-02-07', '2023-02-07', 325294.23, 'شهري', 'صافي 60 يوم', 99.5, 'يتم تطبيق أرصدة الخدمة في حالة التوقف الذي يتجاوز اتفاقية مستوى الخدمة', 'مدير العقود', 'نشط');
INSERT INTO contracts VALUES ('CNT002065', 'SME000266', 'اتفاقية خدمة قياسية', '2024-09-02', '2026-09-02', 490830.55, 'شهري', 'مدفوع مسبقاً', 99.99, 'يتم تطبيق أرصدة الخدمة في حالة التوقف الذي يتجاوز اتفاقية مستوى الخدمة', 'مدير العقود', 'نشط');
INSERT INTO contracts VALUES ('CNT002066', 'SME000267', 'عقد حل مخصص', '2024-03-10', '2027-03-10', 11170.14, 'ربع سنوي', 'صافي 60 يوم', 99.99, 'يتم تطبيق أرصدة الخدمة في حالة التوقف الذي يتجاوز اتفاقية مستوى الخدمة', 'مدير العقود', 'منتهي');
INSERT INTO contracts VALUES ('CNT002067', 'SME000268', 'عقد حل مخصص', '2024-04-07', '2026-04-07', 414469.44, 'ربع سنوي', 'صافي 30 يوم', 99.99, 'يتم تطبيق أرصدة الخدمة في حالة التوقف الذي يتجاوز اتفاقية مستوى الخدمة', 'مدير العقود', 'نشط');
INSERT INTO contracts VALUES ('CNT002068', 'SME000269', 'عقد حل مخصص', '2024-10-09', '2025-10-09', 277280.61, 'سنوي', 'صافي 30 يوم', 99.95, 'يتم تطبيق أرصدة الخدمة في حالة التوقف الذي يتجاوز اتفاقية مستوى الخدمة', 'مدير العقود', 'مجدد');
INSERT INTO contracts VALUES ('CNT002069', 'SME000270', 'اتفاقية خدمة قياسية', '2024-07-02', '2026-07-02', 247386.75, 'ربع سنوي', 'صافي 60 يوم', 99.95, 'يتم تطبيق أرصدة الخدمة في حالة التوقف الذي يتجاوز اتفاقية مستوى الخدمة', 'مدير العقود', 'مجدد');
INSERT INTO contracts VALUES ('CNT002070', 'SME000271', 'اتفاقية خدمة قياسية', '2021-01-13', '2022-01-13', 379534.52, 'شهري', 'صافي 60 يوم', 99.5, 'يتم تطبيق أرصدة الخدمة في حالة التوقف الذي يتجاوز اتفاقية مستوى الخدمة', 'مدير العقود', 'مجدد');
INSERT INTO contracts VALUES ('CNT002071', 'SME000272', 'اتفاقية خدمة قياسية', '2023-09-19', '2026-09-18', 451842.77, 'سنوي', 'صافي 30 يوم', 99.99, 'يتم تطبيق أرصدة الخدمة في حالة التوقف الذي يتجاوز اتفاقية مستوى الخدمة', 'مدير العقود', 'نشط');
INSERT INTO contracts VALUES ('CNT002072', 'SME000273', 'اتفاقية خدمة قياسية', '2022-05-25', '2023-05-25', 489248.16, 'ربع سنوي', 'صافي 60 يوم', 99.5, 'يتم تطبيق أرصدة الخدمة في حالة التوقف الذي يتجاوز اتفاقية مستوى الخدمة', 'مدير العقود', 'مجدد');
INSERT INTO contracts VALUES ('CNT002073', 'SME000274', 'اتفاقية خدمة قياسية', '2023-03-24', '2026-03-23', 123806.05, 'ربع سنوي', 'مدفوع مسبقاً', 99.9, 'يتم تطبيق أرصدة الخدمة في حالة التوقف الذي يتجاوز اتفاقية مستوى الخدمة', 'مدير العقود', 'مجدد');
INSERT INTO contracts VALUES ('CNT002074', 'SME000275', 'اتفاقية مؤسسية', '2020-11-14', '2022-11-14', 184093.9, 'ربع سنوي', 'صافي 60 يوم', 99.5, 'يتم تطبيق أرصدة الخدمة في حالة التوقف الذي يتجاوز اتفاقية مستوى الخدمة', 'مدير العقود', 'نشط');
INSERT INTO contracts VALUES ('CNT002075', 'SME000276', 'عقد حل مخصص', '2021-07-03', '2022-07-03', 152611.82, 'سنوي', 'صافي 30 يوم', 99.99, 'يتم تطبيق أرصدة الخدمة في حالة التوقف الذي يتجاوز اتفاقية مستوى الخدمة', 'مدير العقود', 'منتهي');
INSERT INTO contracts VALUES ('CNT002076', 'SME000277', 'عقد حل مخصص', '2020-02-08', '2021-02-07', 318414.1, 'ربع سنوي', 'مدفوع مسبقاً', 99.9, 'يتم تطبيق أرصدة الخدمة في حالة التوقف الذي يتجاوز اتفاقية مستوى الخدمة', 'مدير العقود', 'منتهي');
INSERT INTO contracts VALUES ('CNT002077', 'SME000278', 'اتفاقية خدمة قياسية', '2020-09-02', '2023-09-02', 170078.82, 'سنوي', 'مدفوع مسبقاً', 99.9, 'يتم تطبيق أرصدة الخدمة في حالة التوقف الذي يتجاوز اتفاقية مستوى الخدمة', 'مدير العقود', 'مجدد');
INSERT INTO contracts VALUES ('CNT002078', 'SME000279', 'اتفاقية مؤسسية', '2023-01-04', '2026-01-03', 39851.55, 'ربع سنوي', 'صافي 30 يوم', 99.95, 'يتم تطبيق أرصدة الخدمة في حالة التوقف الذي يتجاوز اتفاقية مستوى الخدمة', 'مدير العقود', 'نشط');
INSERT INTO contracts VALUES ('CNT002079', 'SME000280', 'اتفاقية خدمة قياسية', '2023-11-27', '2026-11-26', 267017.74, 'ربع سنوي', 'صافي 30 يوم', 99.95, 'يتم تطبيق أرصدة الخدمة في حالة التوقف الذي يتجاوز اتفاقية مستوى الخدمة', 'مدير العقود', 'نشط');
INSERT INTO contracts VALUES ('CNT002080', 'SME000281', 'اتفاقية خدمة قياسية', '2022-09-05', '2024-09-04', 113969.53, 'سنوي', 'صافي 30 يوم', 99.9, 'يتم تطبيق أرصدة الخدمة في حالة التوقف الذي يتجاوز اتفاقية مستوى الخدمة', 'مدير العقود', 'نشط');
INSERT INTO contracts VALUES ('CNT002081', 'SME000282', 'اتفاقية خدمة قياسية', '2024-12-02', '2026-12-02', 133714.87, 'شهري', 'صافي 60 يوم', 99.9, 'يتم تطبيق أرصدة الخدمة في حالة التوقف الذي يتجاوز اتفاقية مستوى الخدمة', 'مدير العقود', 'مجدد');
INSERT INTO contracts VALUES ('CNT002082', 'SME000283', 'اتفاقية خدمة قياسية', '2020-03-19', '2023-03-19', 28452.23, 'سنوي', 'صافي 60 يوم', 99.9, 'يتم تطبيق أرصدة الخدمة في حالة التوقف الذي يتجاوز اتفاقية مستوى الخدمة', 'مدير العقود', 'نشط');
INSERT INTO contracts VALUES ('CNT002083', 'SME000284', 'اتفاقية مؤسسية', '2024-09-22', '2026-09-22', 452823.65, 'ربع سنوي', 'صافي 45 يوم', 99.99, 'يتم تطبيق أرصدة الخدمة في حالة التوقف الذي يتجاوز اتفاقية مستوى الخدمة', 'مدير العقود', 'مجدد');
INSERT INTO contracts VALUES ('CNT002084', 'SME000285', 'اتفاقية مؤسسية', '2022-02-15', '2024-02-15', 36760.47, 'شهري', 'صافي 30 يوم', 99.5, 'يتم تطبيق أرصدة الخدمة في حالة التوقف الذي يتجاوز اتفاقية مستوى الخدمة', 'مدير العقود', 'نشط');
INSERT INTO contracts VALUES ('CNT002085', 'SME000286', 'عقد حل مخصص', '2023-04-13', '2026-04-12', 85638.48, 'ربع سنوي', 'صافي 30 يوم', 99.5, 'يتم تطبيق أرصدة الخدمة في حالة التوقف الذي يتجاوز اتفاقية مستوى الخدمة', 'مدير العقود', 'منتهي');
INSERT INTO contracts VALUES ('CNT002086', 'SME000287', 'عقد حل مخصص', '2021-03-20', '2024-03-19', 192596.5, 'شهري', 'صافي 45 يوم', 99.9, 'يتم تطبيق أرصدة الخدمة في حالة التوقف الذي يتجاوز اتفاقية مستوى الخدمة', 'مدير العقود', 'مجدد');
INSERT INTO contracts VALUES ('CNT002087', 'SME000288', 'اتفاقية مؤسسية', '2020-06-10', '2023-06-10', 370846.83, 'ربع سنوي', 'صافي 60 يوم', 99.95, 'يتم تطبيق أرصدة الخدمة في حالة التوقف الذي يتجاوز اتفاقية مستوى الخدمة', 'مدير العقود', 'منتهي');
INSERT INTO contracts VALUES ('CNT002088', 'SME000289', 'اتفاقية مؤسسية', '2021-12-22', '2022-12-22', 488948.3, 'سنوي', 'صافي 45 يوم', 99.95, 'يتم تطبيق أرصدة الخدمة في حالة التوقف الذي يتجاوز اتفاقية مستوى الخدمة', 'مدير العقود', 'نشط');
INSERT INTO contracts VALUES ('CNT002089', 'SME000290', 'اتفاقية خدمة قياسية', '2023-09-02', '2024-09-01', 356586.36, 'ربع سنوي', 'صافي 60 يوم', 99.5, 'يتم تطبيق أرصدة الخدمة في حالة التوقف الذي يتجاوز اتفاقية مستوى الخدمة', 'مدير العقود', 'منتهي');
INSERT INTO contracts VALUES ('CNT002090', 'SME000291', 'اتفاقية خدمة قياسية', '2020-03-18', '2023-03-18', 137718.92, 'سنوي', 'صافي 60 يوم', 99.5, 'يتم تطبيق أرصدة الخدمة في حالة التوقف الذي يتجاوز اتفاقية مستوى الخدمة', 'مدير العقود', 'منتهي');
INSERT INTO contracts VALUES ('CNT002091', 'SME000292', 'اتفاقية مؤسسية', '2023-10-19', '2025-10-18', 456190.62, 'سنوي', 'صافي 45 يوم', 99.5, 'يتم تطبيق أرصدة الخدمة في حالة التوقف الذي يتجاوز اتفاقية مستوى الخدمة', 'مدير العقود', 'نشط');
INSERT INTO contracts VALUES ('CNT002092', 'SME000293', 'اتفاقية خدمة قياسية', '2024-08-27', '2026-08-27', 393704.12, 'ربع سنوي', 'صافي 30 يوم', 99.9, 'يتم تطبيق أرصدة الخدمة في حالة التوقف الذي يتجاوز اتفاقية مستوى الخدمة', 'مدير العقود', 'نشط');
INSERT INTO contracts VALUES ('CNT002093', 'SME000294', 'اتفاقية مؤسسية', '2022-11-09', '2025-11-08', 347711.77, 'شهري', 'مدفوع مسبقاً', 99.99, 'يتم تطبيق أرصدة الخدمة في حالة التوقف الذي يتجاوز اتفاقية مستوى الخدمة', 'مدير العقود', 'مجدد');
INSERT INTO contracts VALUES ('CNT002094', 'SME000295', 'عقد حل مخصص', '2021-04-14', '2024-04-13', 388694.22, 'سنوي', 'صافي 45 يوم', 99.95, 'يتم تطبيق أرصدة الخدمة في حالة التوقف الذي يتجاوز اتفاقية مستوى الخدمة', 'مدير العقود', 'نشط');
INSERT INTO contracts VALUES ('CNT002095', 'SME000296', 'عقد حل مخصص', '2023-11-21', '2025-11-20', 271137.48, 'سنوي', 'صافي 30 يوم', 99.99, 'يتم تطبيق أرصدة الخدمة في حالة التوقف الذي يتجاوز اتفاقية مستوى الخدمة', 'مدير العقود', 'منتهي');
INSERT INTO contracts VALUES ('CNT002096', 'SME000297', 'عقد حل مخصص', '2023-07-19', '2024-07-18', 340721.91, 'سنوي', 'صافي 30 يوم', 99.95, 'يتم تطبيق أرصدة الخدمة في حالة التوقف الذي يتجاوز اتفاقية مستوى الخدمة', 'مدير العقود', 'مجدد');
INSERT INTO contracts VALUES ('CNT002097', 'SME000298', 'عقد حل مخصص', '2021-11-08', '2024-11-07', 337296.96, 'ربع سنوي', 'صافي 60 يوم', 99.5, 'يتم تطبيق أرصدة الخدمة في حالة التوقف الذي يتجاوز اتفاقية مستوى الخدمة', 'مدير العقود', 'نشط');
INSERT INTO contracts VALUES ('CNT002098', 'SME000299', 'اتفاقية مؤسسية', '2022-05-15', '2024-05-14', 483153.8, 'شهري', 'صافي 30 يوم', 99.95, 'يتم تطبيق أرصدة الخدمة في حالة التوقف الذي يتجاوز اتفاقية مستوى الخدمة', 'مدير العقود', 'منتهي');
INSERT INTO contracts VALUES ('CNT002099', 'SME000300', 'اتفاقية خدمة قياسية', '2022-02-02', '2024-02-02', 196699.51, 'سنوي', 'صافي 60 يوم', 99.99, 'يتم تطبيق أرصدة الخدمة في حالة التوقف الذي يتجاوز اتفاقية مستوى الخدمة', 'مدير العقود', 'مجدد');
INSERT INTO contracts VALUES ('CNT002100', 'SME000301', 'اتفاقية خدمة قياسية', '2021-06-13', '2024-06-12', 484589.29, 'سنوي', 'صافي 45 يوم', 99.95, 'يتم تطبيق أرصدة الخدمة في حالة التوقف الذي يتجاوز اتفاقية مستوى الخدمة', 'مدير العقود', 'نشط');
INSERT INTO contracts VALUES ('CNT002101', 'SME000302', 'اتفاقية خدمة قياسية', '2022-01-03', '2025-01-02', 116013.45, 'ربع سنوي', 'صافي 60 يوم', 99.95, 'يتم تطبيق أرصدة الخدمة في حالة التوقف الذي يتجاوز اتفاقية مستوى الخدمة', 'مدير العقود', 'نشط');
INSERT INTO contracts VALUES ('CNT002102', 'SME000303', 'عقد حل مخصص', '2022-06-02', '2025-06-01', 235498.36, 'سنوي', 'صافي 45 يوم', 99.9, 'يتم تطبيق أرصدة الخدمة في حالة التوقف الذي يتجاوز اتفاقية مستوى الخدمة', 'مدير العقود', 'منتهي');
INSERT INTO contracts VALUES ('CNT002103', 'SME000304', 'اتفاقية خدمة قياسية', '2022-11-24', '2025-11-23', 55496.86, 'سنوي', 'صافي 30 يوم', 99.9, 'يتم تطبيق أرصدة الخدمة في حالة التوقف الذي يتجاوز اتفاقية مستوى الخدمة', 'مدير العقود', 'منتهي');
INSERT INTO contracts VALUES ('CNT002104', 'SME000305', 'عقد حل مخصص', '2024-11-15', '2026-11-15', 296431.51, 'شهري', 'صافي 30 يوم', 99.99, 'يتم تطبيق أرصدة الخدمة في حالة التوقف الذي يتجاوز اتفاقية مستوى الخدمة', 'مدير العقود', 'مجدد');
INSERT INTO contracts VALUES ('CNT002105', 'SME000306', 'عقد حل مخصص', '2023-02-05', '2025-02-04', 246252.12, 'سنوي', 'صافي 60 يوم', 99.9, 'يتم تطبيق أرصدة الخدمة في حالة التوقف الذي يتجاوز اتفاقية مستوى الخدمة', 'مدير العقود', 'مجدد');
INSERT INTO contracts VALUES ('CNT002106', 'SME000307', 'عقد حل مخصص', '2020-06-29', '2023-06-29', 426624.32, 'ربع سنوي', 'مدفوع مسبقاً', 99.99, 'يتم تطبيق أرصدة الخدمة في حالة التوقف الذي يتجاوز اتفاقية مستوى الخدمة', 'مدير العقود', 'نشط');
INSERT INTO contracts VALUES ('CNT002107', 'SME000308', 'عقد حل مخصص', '2024-02-17', '2026-02-16', 193271.17, 'شهري', 'صافي 45 يوم', 99.99, 'يتم تطبيق أرصدة الخدمة في حالة التوقف الذي يتجاوز اتفاقية مستوى الخدمة', 'مدير العقود', 'نشط');
INSERT INTO contracts VALUES ('CNT002108', 'SME000309', 'عقد حل مخصص', '2022-11-06', '2025-11-05', 226136.93, 'ربع سنوي', 'صافي 60 يوم', 99.99, 'يتم تطبيق أرصدة الخدمة في حالة التوقف الذي يتجاوز اتفاقية مستوى الخدمة', 'مدير العقود', 'مجدد');
INSERT INTO contracts VALUES ('CNT002109', 'SME000310', 'عقد حل مخصص', '2022-07-14', '2025-07-13', 155166.42, 'شهري', 'صافي 30 يوم', 99.95, 'يتم تطبيق أرصدة الخدمة في حالة التوقف الذي يتجاوز اتفاقية مستوى الخدمة', 'مدير العقود', 'نشط');

-- جدول جهات الاتصال
CREATE TABLE IF NOT EXISTS contact_persons (
    contact_id TEXT(20) PRIMARY KEY,
    customer_id TEXT(20) NOT NULL,
    full_name TEXT(100) NOT NULL,
    role TEXT(50) NOT NULL,
    email TEXT(100) NOT NULL,
    phone TEXT(20),
    mobile TEXT(20),
    is_primary_contact BOOLEAN,
    department TEXT(50),
    preferred_language TEXT(10),
    FOREIGN KEY (customer_id) REFERENCES customers(customer_id)
);

INSERT INTO contact_persons VALUES ('CNT003000', 'SME000201', 'علي العطية', 'قائد تقني', 'contact0@company.qa', '+974-4319-4798', '+974-4318-2928', True, 'الإدارة', 'ar');
INSERT INTO contact_persons VALUES ('CNT003001', 'SME000202', 'سارة الأنصاري', 'المدير التنفيذي', 'contact1@company.qa', '+974-4256-5848', '+974-4105-7985', True, 'الإدارة', 'ar');
INSERT INTO contact_persons VALUES ('CNT003002', 'SME000203', 'خالد العطية', 'المدير التنفيذي', 'contact2@company.qa', '+974-4030-7760', '+974-5978-6308', True, 'العمليات', 'ar');
INSERT INTO contact_persons VALUES ('CNT003003', 'SME000204', 'مريم الكواري', 'المدير التنفيذي', 'contact3@company.qa', '+974-4216-2379', '+974-6878-4708', True, 'العمليات', 'en');
INSERT INTO contact_persons VALUES ('CNT003004', 'SME000205', 'خالد الأنصاري', 'قائد تقني', 'contact4@company.qa', '+974-4458-5849', '+974-6024-8513', True, 'العمليات', 'en');
INSERT INTO contact_persons VALUES ('CNT003005', 'SME000206', 'علي السليطي', 'مدير تقنية المعلومات', 'contact5@company.qa', '+974-4773-6898', '+974-5080-8152', True, 'المالية', 'ar');
INSERT INTO contact_persons VALUES ('CNT003006', 'SME000207', 'نورة الكواري', 'مدير العمليات', 'contact6@company.qa', '+974-4620-3962', '+974-6259-1269', True, 'تقنية المعلومات', 'ar');
INSERT INTO contact_persons VALUES ('CNT003007', 'SME000208', 'عبدالله الكواري', 'المدير التنفيذي', 'contact7@company.qa', '+974-4600-1864', '+974-6783-7171', True, 'تقنية المعلومات', 'ar');
INSERT INTO contact_persons VALUES ('CNT003008', 'SME000209', 'فاطمة المري', 'المدير المالي', 'contact8@company.qa', '+974-4573-1143', '+974-6751-8669', True, 'العمليات', 'ar');
INSERT INTO contact_persons VALUES ('CNT003009', 'SME000210', 'علي الدوسري', 'مدير العمليات', 'contact9@company.qa', '+974-4494-9836', '+974-5974-1252', True, 'تقنية المعلومات', 'ar');
INSERT INTO contact_persons VALUES ('CNT003010', 'SME000211', 'مريم المري', 'مدير العمليات', 'contact10@company.qa', '+974-4161-9592', '+974-5407-8716', True, 'الإدارة', 'en');
INSERT INTO contact_persons VALUES ('CNT003011', 'SME000212', 'فاطمة الثاني', 'مدير تقنية المعلومات', 'contact11@company.qa', '+974-4051-8638', '+974-4866-3039', True, 'المالية', 'en');
INSERT INTO contact_persons VALUES ('CNT003012', 'SME000213', 'فاطمة العطية', 'مدير تقنية المعلومات', 'contact12@company.qa', '+974-4954-7874', '+974-5741-8109', True, 'المالية', 'ar');
INSERT INTO contact_persons VALUES ('CNT003013', 'SME000214', 'عائشة السليطي', 'المدير المالي', 'contact13@company.qa', '+974-4721-3071', '+974-5402-7702', True, 'تقنية المعلومات', 'ar');
INSERT INTO contact_persons VALUES ('CNT003014', 'SME000215', 'علي الكواري', 'مدير التقنية', 'contact14@company.qa', '+974-4960-9182', '+974-5744-4799', True, 'العمليات', 'ar');
INSERT INTO contact_persons VALUES ('CNT003015', 'SME000216', 'أحمد الثاني', 'مدير التقنية', 'contact15@company.qa', '+974-4203-6700', '+974-3365-9388', True, 'الإدارة', 'ar');
INSERT INTO contact_persons VALUES ('CNT003016', 'SME000217', 'سارة المري', 'قائد تقني', 'contact16@company.qa', '+974-4460-7376', '+974-3882-2100', True, 'العمليات', 'ar');
INSERT INTO contact_persons VALUES ('CNT003017', 'SME000218', 'مريم الكواري', 'مدير العمليات', 'contact17@company.qa', '+974-4554-3123', '+974-6015-8437', True, 'العمليات', 'en');
INSERT INTO contact_persons VALUES ('CNT003018', 'SME000219', 'خالد المري', 'المدير المالي', 'contact18@company.qa', '+974-4673-1351', '+974-6856-2581', True, 'المالية', 'ar');
INSERT INTO contact_persons VALUES ('CNT003019', 'SME000220', 'نورة المهندي', 'مدير التقنية', 'contact19@company.qa', '+974-4443-5341', '+974-6302-5286', True, 'تقنية المعلومات', 'ar');
INSERT INTO contact_persons VALUES ('CNT003020', 'SME000221', 'عبدالله الدوسري', 'مدير العمليات', 'contact20@company.qa', '+974-4910-8881', '+974-4462-7193', True, 'تقنية المعلومات', 'ar');
INSERT INTO contact_persons VALUES ('CNT003021', 'SME000222', 'عائشة الكواري', 'المدير التنفيذي', 'contact21@company.qa', '+974-4449-5841', '+974-5853-4715', True, 'العمليات', 'ar');
INSERT INTO contact_persons VALUES ('CNT003022', 'SME000223', 'عائشة المهندي', 'مدير العمليات', 'contact22@company.qa', '+974-4636-4952', '+974-3933-7479', True, 'المالية', 'en');
INSERT INTO contact_persons VALUES ('CNT003023', 'SME000224', 'عائشة الثاني', 'مدير العمليات', 'contact23@company.qa', '+974-4877-8256', '+974-4850-8487', True, 'العمليات', 'ar');
INSERT INTO contact_persons VALUES ('CNT003024', 'SME000225', 'خالد الأنصاري', 'مدير التقنية', 'contact24@company.qa', '+974-4231-2966', '+974-5351-6714', True, 'الإدارة', 'en');
INSERT INTO contact_persons VALUES ('CNT003025', 'SME000226', 'عائشة الثاني', 'المدير المالي', 'contact25@company.qa', '+974-4982-7163', '+974-4769-7687', True, 'التقني', 'en');
INSERT INTO contact_persons VALUES ('CNT003026', 'SME000227', 'نورة الثاني', 'مدير تقنية المعلومات', 'contact26@company.qa', '+974-4214-4121', '+974-5182-1093', True, 'تقنية المعلومات', 'ar');
INSERT INTO contact_persons VALUES ('CNT003027', 'SME000228', 'محمد السليطي', 'قائد تقني', 'contact27@company.qa', '+974-4991-8462', '+974-3185-7284', True, 'الإدارة', 'en');
INSERT INTO contact_persons VALUES ('CNT003028', 'SME000229', 'عائشة العطية', 'المدير المالي', 'contact28@company.qa', '+974-4918-8475', '+974-6600-6983', True, 'المالية', 'ar');
INSERT INTO contact_persons VALUES ('CNT003029', 'SME000230', 'مريم المري', 'المدير التنفيذي', 'contact29@company.qa', '+974-4183-6143', '+974-6659-5011', True, 'المالية', 'ar');
INSERT INTO contact_persons VALUES ('CNT003030', 'SME000231', 'نورة العطية', 'مدير العمليات', 'contact30@company.qa', '+974-4886-6637', '+974-5012-4403', True, 'العمليات', 'ar');
INSERT INTO contact_persons VALUES ('CNT003031', 'SME000232', 'علي الكواري', 'مدير تقنية المعلومات', 'contact31@company.qa', '+974-4981-7541', '+974-3308-4521', True, 'المالية', 'ar');
INSERT INTO contact_persons VALUES ('CNT003032', 'SME000233', 'فاطمة الكواري', 'مدير التقنية', 'contact32@company.qa', '+974-4626-5910', '+974-5675-4576', True, 'العمليات', 'ar');
INSERT INTO contact_persons VALUES ('CNT003033', 'SME000234', 'عائشة الكواري', 'قائد تقني', 'contact33@company.qa', '+974-4521-8497', '+974-5903-9572', True, 'المالية', 'ar');
INSERT INTO contact_persons VALUES ('CNT003034', 'SME000235', 'عبدالله الكواري', 'المدير المالي', 'contact34@company.qa', '+974-4793-3981', '+974-5668-3620', True, 'تقنية المعلومات', 'ar');
INSERT INTO contact_persons VALUES ('CNT003035', 'SME000236', 'عائشة الكواري', 'المدير التنفيذي', 'contact35@company.qa', '+974-4183-8061', '+974-4051-9673', True, 'الإدارة', 'en');
INSERT INTO contact_persons VALUES ('CNT003036', 'SME000237', 'فاطمة العطية', 'مدير التقنية', 'contact36@company.qa', '+974-4874-3802', '+974-3132-7360', True, 'تقنية المعلومات', 'en');
INSERT INTO contact_persons VALUES ('CNT003037', 'SME000238', 'أحمد السليطي', 'مدير تقنية المعلومات', 'contact37@company.qa', '+974-4011-3822', '+974-6949-6343', True, 'الإدارة', 'ar');
INSERT INTO contact_persons VALUES ('CNT003038', 'SME000239', 'سارة العطية', 'مدير العمليات', 'contact38@company.qa', '+974-4403-4205', '+974-6358-4525', True, 'تقنية المعلومات', 'ar');
INSERT INTO contact_persons VALUES ('CNT003039', 'SME000240', 'علي الكواري', 'مدير العمليات', 'contact39@company.qa', '+974-4715-5654', '+974-6379-1994', True, 'العمليات', 'en');
INSERT INTO contact_persons VALUES ('CNT003040', 'SME000241', 'نورة السليطي', 'مدير التقنية', 'contact40@company.qa', '+974-4152-5633', '+974-6105-8554', True, 'العمليات', 'ar');
INSERT INTO contact_persons VALUES ('CNT003041', 'SME000242', 'نورة الدوسري', 'مدير تقنية المعلومات', 'contact41@company.qa', '+974-4211-5488', '+974-6937-5713', True, 'المالية', 'ar');
INSERT INTO contact_persons VALUES ('CNT003042', 'SME000243', 'عبدالله المهندي', 'مدير العمليات', 'contact42@company.qa', '+974-4606-4582', '+974-5165-8301', True, 'التقني', 'ar');
INSERT INTO contact_persons VALUES ('CNT003043', 'SME000244', 'مريم المهندي', 'قائد تقني', 'contact43@company.qa', '+974-4505-9711', '+974-4887-1199', True, 'المالية', 'en');
INSERT INTO contact_persons VALUES ('CNT003044', 'SME000245', 'علي المهندي', 'المدير المالي', 'contact44@company.qa', '+974-4400-1813', '+974-3314-1169', True, 'العمليات', 'ar');
INSERT INTO contact_persons VALUES ('CNT003045', 'SME000246', 'مريم المهندي', 'قائد تقني', 'contact45@company.qa', '+974-4744-6988', '+974-6624-6222', True, 'المالية', 'ar');
INSERT INTO contact_persons VALUES ('CNT003046', 'SME000247', 'خالد الكواري', 'مدير التقنية', 'contact46@company.qa', '+974-4664-6424', '+974-6387-1529', True, 'المالية', 'ar');
INSERT INTO contact_persons VALUES ('CNT003047', 'SME000248', 'فاطمة الأنصاري', 'المدير المالي', 'contact47@company.qa', '+974-4255-6049', '+974-4909-4629', True, 'تقنية المعلومات', 'ar');
INSERT INTO contact_persons VALUES ('CNT003048', 'SME000249', 'مريم الدوسري', 'المدير المالي', 'contact48@company.qa', '+974-4579-1122', '+974-3410-9137', True, 'العمليات', 'ar');
INSERT INTO contact_persons VALUES ('CNT003049', 'SME000250', 'محمد المهندي', 'المدير المالي', 'contact49@company.qa', '+974-4381-7080', '+974-4852-2497', True, 'الإدارة', 'ar');
INSERT INTO contact_persons VALUES ('CNT003050', 'SME000251', 'محمد الدوسري', 'مدير العمليات', 'contact50@company.qa', '+974-4901-5934', '+974-4316-1835', True, 'المالية', 'en');
INSERT INTO contact_persons VALUES ('CNT003051', 'SME000252', 'سارة الكواري', 'المدير المالي', 'contact51@company.qa', '+974-4322-8753', '+974-5885-6728', True, 'المالية', 'ar');
INSERT INTO contact_persons VALUES ('CNT003052', 'SME000253', 'عبدالله السليطي', 'مدير التقنية', 'contact52@company.qa', '+974-4476-7023', '+974-3579-5039', True, 'الإدارة', 'en');
INSERT INTO contact_persons VALUES ('CNT003053', 'SME000254', 'محمد العطية', 'قائد تقني', 'contact53@company.qa', '+974-4673-8100', '+974-4825-2686', True, 'العمليات', 'ar');
INSERT INTO contact_persons VALUES ('CNT003054', 'SME000255', 'أحمد الثاني', 'مدير التقنية', 'contact54@company.qa', '+974-4459-3752', '+974-6824-5420', True, 'الإدارة', 'en');
INSERT INTO contact_persons VALUES ('CNT003055', 'SME000256', 'عائشة الأنصاري', 'المدير المالي', 'contact55@company.qa', '+974-4403-7259', '+974-3318-2553', True, 'التقني', 'ar');
INSERT INTO contact_persons VALUES ('CNT003056', 'SME000257', 'محمد المري', 'المدير التنفيذي', 'contact56@company.qa', '+974-4911-5877', '+974-5877-7865', True, 'التقني', 'en');
INSERT INTO contact_persons VALUES ('CNT003057', 'SME000258', 'سارة المهندي', 'المدير التنفيذي', 'contact57@company.qa', '+974-4001-6069', '+974-5646-7311', True, 'تقنية المعلومات', 'ar');
INSERT INTO contact_persons VALUES ('CNT003058', 'SME000259', 'عائشة الأنصاري', 'مدير تقنية المعلومات', 'contact58@company.qa', '+974-4487-1266', '+974-3558-4371', True, 'الإدارة', 'ar');
INSERT INTO contact_persons VALUES ('CNT003059', 'SME000260', 'فاطمة الدوسري', 'مدير التقنية', 'contact59@company.qa', '+974-4737-3185', '+974-6370-6980', True, 'العمليات', 'ar');
INSERT INTO contact_persons VALUES ('CNT003060', 'SME000261', 'سارة المهندي', 'مدير التقنية', 'contact60@company.qa', '+974-4517-5591', '+974-5908-1167', True, 'الإدارة', 'en');
INSERT INTO contact_persons VALUES ('CNT003061', 'SME000262', 'مريم الثاني', 'قائد تقني', 'contact61@company.qa', '+974-4242-1310', '+974-5122-8556', True, 'المالية', 'en');
INSERT INTO contact_persons VALUES ('CNT003062', 'SME000263', 'أحمد الكواري', 'مدير العمليات', 'contact62@company.qa', '+974-4031-1020', '+974-4820-2333', True, 'التقني', 'ar');
INSERT INTO contact_persons VALUES ('CNT003063', 'SME000264', 'عائشة الكواري', 'قائد تقني', 'contact63@company.qa', '+974-4958-3243', '+974-3174-8606', True, 'تقنية المعلومات', 'ar');
INSERT INTO contact_persons VALUES ('CNT003064', 'SME000265', 'مريم الكواري', 'مدير التقنية', 'contact64@company.qa', '+974-4338-5663', '+974-6712-5882', True, 'تقنية المعلومات', 'ar');
INSERT INTO contact_persons VALUES ('CNT003065', 'SME000266', 'أحمد الكواري', 'المدير المالي', 'contact65@company.qa', '+974-4765-5417', '+974-5589-4048', True, 'العمليات', 'ar');
INSERT INTO contact_persons VALUES ('CNT003066', 'SME000267', 'محمد المري', 'مدير تقنية المعلومات', 'contact66@company.qa', '+974-4431-3492', '+974-3736-2559', True, 'التقني', 'ar');
INSERT INTO contact_persons VALUES ('CNT003067', 'SME000268', 'علي العطية', 'المدير المالي', 'contact67@company.qa', '+974-4479-8945', '+974-4446-5201', True, 'العمليات', 'ar');
INSERT INTO contact_persons VALUES ('CNT003068', 'SME000269', 'فاطمة المهندي', 'قائد تقني', 'contact68@company.qa', '+974-4379-1230', '+974-3103-4568', True, 'العمليات', 'en');
INSERT INTO contact_persons VALUES ('CNT003069', 'SME000270', 'فاطمة المري', 'المدير التنفيذي', 'contact69@company.qa', '+974-4981-1716', '+974-5793-3441', True, 'العمليات', 'en');
INSERT INTO contact_persons VALUES ('CNT003070', 'SME000271', 'علي العطية', 'مدير تقنية المعلومات', 'contact70@company.qa', '+974-4365-2967', '+974-4479-4184', True, 'العمليات', 'ar');
INSERT INTO contact_persons VALUES ('CNT003071', 'SME000272', 'فاطمة المهندي', 'المدير التنفيذي', 'contact71@company.qa', '+974-4980-8494', '+974-6233-4248', True, 'الإدارة', 'ar');
INSERT INTO contact_persons VALUES ('CNT003072', 'SME000273', 'مريم العطية', 'المدير التنفيذي', 'contact72@company.qa', '+974-4933-9184', '+974-3239-8601', True, 'المالية', 'ar');
INSERT INTO contact_persons VALUES ('CNT003073', 'SME000274', 'فاطمة السليطي', 'مدير العمليات', 'contact73@company.qa', '+974-4742-5150', '+974-5912-1119', True, 'التقني', 'en');
INSERT INTO contact_persons VALUES ('CNT003074', 'SME000275', 'عبدالله المهندي', 'مدير التقنية', 'contact74@company.qa', '+974-4195-7248', '+974-3737-3354', True, 'الإدارة', 'ar');
INSERT INTO contact_persons VALUES ('CNT003075', 'SME000276', 'مريم الدوسري', 'قائد تقني', 'contact75@company.qa', '+974-4833-5638', '+974-6920-5613', True, 'العمليات', 'en');
INSERT INTO contact_persons VALUES ('CNT003076', 'SME000277', 'عائشة الدوسري', 'مدير التقنية', 'contact76@company.qa', '+974-4387-8714', '+974-5263-3818', True, 'التقني', 'ar');
INSERT INTO contact_persons VALUES ('CNT003077', 'SME000278', 'علي الدوسري', 'قائد تقني', 'contact77@company.qa', '+974-4996-4830', '+974-3279-1125', True, 'تقنية المعلومات', 'en');
INSERT INTO contact_persons VALUES ('CNT003078', 'SME000279', 'مريم الثاني', 'قائد تقني', 'contact78@company.qa', '+974-4577-6596', '+974-3988-1203', True, 'الإدارة', 'ar');
INSERT INTO contact_persons VALUES ('CNT003079', 'SME000280', 'أحمد العطية', 'مدير التقنية', 'contact79@company.qa', '+974-4601-3137', '+974-3010-7481', True, 'الإدارة', 'en');
INSERT INTO contact_persons VALUES ('CNT003080', 'SME000281', 'محمد الكواري', 'المدير التنفيذي', 'contact80@company.qa', '+974-4499-6676', '+974-3675-1170', True, 'الإدارة', 'en');
INSERT INTO contact_persons VALUES ('CNT003081', 'SME000282', 'خالد الثاني', 'مدير التقنية', 'contact81@company.qa', '+974-4164-2343', '+974-4342-7045', True, 'الإدارة', 'ar');
INSERT INTO contact_persons VALUES ('CNT003082', 'SME000283', 'خالد المري', 'مدير تقنية المعلومات', 'contact82@company.qa', '+974-4446-5263', '+974-4372-1369', True, 'التقني', 'ar');
INSERT INTO contact_persons VALUES ('CNT003083', 'SME000284', 'علي الدوسري', 'المدير التنفيذي', 'contact83@company.qa', '+974-4584-5132', '+974-6871-1656', True, 'العمليات', 'ar');
INSERT INTO contact_persons VALUES ('CNT003084', 'SME000285', 'محمد الدوسري', 'المدير المالي', 'contact84@company.qa', '+974-4191-9778', '+974-3108-1737', True, 'المالية', 'ar');
INSERT INTO contact_persons VALUES ('CNT003085', 'SME000286', 'عبدالله المري', 'مدير تقنية المعلومات', 'contact85@company.qa', '+974-4093-3374', '+974-4201-7395', True, 'العمليات', 'ar');
INSERT INTO contact_persons VALUES ('CNT003086', 'SME000287', 'عبدالله العطية', 'مدير التقنية', 'contact86@company.qa', '+974-4097-1532', '+974-4928-8958', True, 'الإدارة', 'ar');
INSERT INTO contact_persons VALUES ('CNT003087', 'SME000288', 'خالد الثاني', 'مدير التقنية', 'contact87@company.qa', '+974-4549-1653', '+974-6929-5868', True, 'المالية', 'ar');
INSERT INTO contact_persons VALUES ('CNT003088', 'SME000289', 'عبدالله المهندي', 'مدير العمليات', 'contact88@company.qa', '+974-4232-8018', '+974-4245-2946', True, 'التقني', 'en');
INSERT INTO contact_persons VALUES ('CNT003089', 'SME000290', 'علي الكواري', 'مدير العمليات', 'contact89@company.qa', '+974-4156-9872', '+974-6601-5140', True, 'الإدارة', 'ar');
INSERT INTO contact_persons VALUES ('CNT003090', 'SME000291', 'علي السليطي', 'المدير التنفيذي', 'contact90@company.qa', '+974-4423-5028', '+974-3942-3623', True, 'الإدارة', 'en');
INSERT INTO contact_persons VALUES ('CNT003091', 'SME000292', 'علي الثاني', 'مدير العمليات', 'contact91@company.qa', '+974-4805-5975', '+974-4282-3097', True, 'المالية', 'ar');
INSERT INTO contact_persons VALUES ('CNT003092', 'SME000293', 'أحمد الدوسري', 'مدير العمليات', 'contact92@company.qa', '+974-4715-3975', '+974-5009-7221', True, 'تقنية المعلومات', 'ar');
INSERT INTO contact_persons VALUES ('CNT003093', 'SME000294', 'مريم الثاني', 'المدير التنفيذي', 'contact93@company.qa', '+974-4984-1413', '+974-5679-3122', True, 'تقنية المعلومات', 'en');
INSERT INTO contact_persons VALUES ('CNT003094', 'SME000295', 'علي السليطي', 'مدير التقنية', 'contact94@company.qa', '+974-4486-7293', '+974-3042-1198', True, 'تقنية المعلومات', 'ar');
INSERT INTO contact_persons VALUES ('CNT003095', 'SME000296', 'أحمد الدوسري', 'المدير المالي', 'contact95@company.qa', '+974-4881-4092', '+974-4478-8969', True, 'الإدارة', 'ar');
INSERT INTO contact_persons VALUES ('CNT003096', 'SME000297', 'فاطمة المهندي', 'مدير العمليات', 'contact96@company.qa', '+974-4020-9427', '+974-3150-5490', True, 'العمليات', 'ar');
INSERT INTO contact_persons VALUES ('CNT003097', 'SME000298', 'فاطمة المهندي', 'مدير تقنية المعلومات', 'contact97@company.qa', '+974-4747-9900', '+974-5615-2173', True, 'الإدارة', 'ar');
INSERT INTO contact_persons VALUES ('CNT003098', 'SME000299', 'محمد الكواري', 'مدير العمليات', 'contact98@company.qa', '+974-4458-4517', '+974-3259-9353', True, 'العمليات', 'en');
INSERT INTO contact_persons VALUES ('CNT003099', 'SME000300', 'أحمد الدوسري', 'مدير تقنية المعلومات', 'contact99@company.qa', '+974-4465-6397', '+974-6669-4970', True, 'التقني', 'ar');
INSERT INTO contact_persons VALUES ('CNT003100', 'SME000301', 'عائشة الكواري', 'قائد تقني', 'contact100@company.qa', '+974-4899-1450', '+974-3435-4421', True, 'العمليات', 'ar');
INSERT INTO contact_persons VALUES ('CNT003101', 'SME000302', 'فاطمة الكواري', 'قائد تقني', 'contact101@company.qa', '+974-4683-5322', '+974-4975-9608', True, 'العمليات', 'en');
INSERT INTO contact_persons VALUES ('CNT003102', 'SME000303', 'فاطمة الأنصاري', 'المدير المالي', 'contact102@company.qa', '+974-4820-1566', '+974-6961-9825', True, 'العمليات', 'en');
INSERT INTO contact_persons VALUES ('CNT003103', 'SME000304', 'سارة الدوسري', 'مدير العمليات', 'contact103@company.qa', '+974-4428-5899', '+974-3565-5180', True, 'المالية', 'ar');
INSERT INTO contact_persons VALUES ('CNT003104', 'SME000305', 'محمد العطية', 'مدير العمليات', 'contact104@company.qa', '+974-4451-6368', '+974-6784-6098', True, 'العمليات', 'ar');
INSERT INTO contact_persons VALUES ('CNT003105', 'SME000306', 'أحمد العطية', 'قائد تقني', 'contact105@company.qa', '+974-4946-6905', '+974-3545-4439', True, 'المالية', 'ar');
INSERT INTO contact_persons VALUES ('CNT003106', 'SME000307', 'علي الدوسري', 'المدير التنفيذي', 'contact106@company.qa', '+974-4321-3792', '+974-4552-4183', True, 'العمليات', 'en');
INSERT INTO contact_persons VALUES ('CNT003107', 'SME000308', 'سارة الدوسري', 'قائد تقني', 'contact107@company.qa', '+974-4020-4620', '+974-6155-7709', True, 'تقنية المعلومات', 'en');
INSERT INTO contact_persons VALUES ('CNT003108', 'SME000309', 'سارة الأنصاري', 'قائد تقني', 'contact108@company.qa', '+974-4281-9795', '+974-6909-9843', True, 'التقني', 'ar');
INSERT INTO contact_persons VALUES ('CNT003109', 'SME000310', 'عبدالله السليطي', 'المدير المالي', 'contact109@company.qa', '+974-4812-5344', '+974-4823-5379', True, 'تقنية المعلومات', 'ar');
INSERT INTO contact_persons VALUES ('CNT003110', 'SME000201', 'سارة الكواري', 'مدير التقنية', 'contact110@company.qa', '+974-4607-5320', '+974-6737-8154', True, 'التقني', 'ar');
INSERT INTO contact_persons VALUES ('CNT003111', 'SME000202', 'أحمد العطية', 'مدير تقنية المعلومات', 'contact111@company.qa', '+974-4121-5384', '+974-5646-3868', True, 'المالية', 'ar');
INSERT INTO contact_persons VALUES ('CNT003112', 'SME000203', 'خالد العطية', 'المدير التنفيذي', 'contact112@company.qa', '+974-4136-2379', '+974-6208-4832', True, 'التقني', 'en');
INSERT INTO contact_persons VALUES ('CNT003113', 'SME000204', 'سارة العطية', 'قائد تقني', 'contact113@company.qa', '+974-4650-1483', '+974-5268-4159', True, 'العمليات', 'ar');
INSERT INTO contact_persons VALUES ('CNT003114', 'SME000205', 'سارة الأنصاري', 'المدير المالي', 'contact114@company.qa', '+974-4430-9789', '+974-5520-7877', True, 'التقني', 'en');
INSERT INTO contact_persons VALUES ('CNT003115', 'SME000206', 'محمد السليطي', 'قائد تقني', 'contact115@company.qa', '+974-4074-7557', '+974-5999-5774', True, 'الإدارة', 'ar');
INSERT INTO contact_persons VALUES ('CNT003116', 'SME000207', 'أحمد الأنصاري', 'المدير التنفيذي', 'contact116@company.qa', '+974-4745-4647', '+974-5112-7623', True, 'تقنية المعلومات', 'en');
INSERT INTO contact_persons VALUES ('CNT003117', 'SME000208', 'فاطمة المهندي', 'مدير العمليات', 'contact117@company.qa', '+974-4005-1202', '+974-4305-5867', True, 'العمليات', 'ar');
INSERT INTO contact_persons VALUES ('CNT003118', 'SME000209', 'أحمد المري', 'مدير التقنية', 'contact118@company.qa', '+974-4654-2238', '+974-5844-4226', True, 'العمليات', 'ar');
INSERT INTO contact_persons VALUES ('CNT003119', 'SME000210', 'عبدالله الثاني', 'مدير تقنية المعلومات', 'contact119@company.qa', '+974-4288-1649', '+974-5115-8379', True, 'العمليات', 'en');
INSERT INTO contact_persons VALUES ('CNT003120', 'SME000211', 'مريم الكواري', 'مدير تقنية المعلومات', 'contact120@company.qa', '+974-4728-5408', '+974-5012-6336', True, 'المالية', 'en');
INSERT INTO contact_persons VALUES ('CNT003121', 'SME000212', 'عبدالله الأنصاري', 'المدير التنفيذي', 'contact121@company.qa', '+974-4268-4239', '+974-5156-2966', True, 'المالية', 'ar');
INSERT INTO contact_persons VALUES ('CNT003122', 'SME000213', 'سارة المهندي', 'المدير المالي', 'contact122@company.qa', '+974-4981-8998', '+974-3811-9474', True, 'العمليات', 'ar');
INSERT INTO contact_persons VALUES ('CNT003123', 'SME000214', 'فاطمة الأنصاري', 'المدير المالي', 'contact123@company.qa', '+974-4472-4062', '+974-5107-1672', True, 'تقنية المعلومات', 'en');
INSERT INTO contact_persons VALUES ('CNT003124', 'SME000215', 'فاطمة السليطي', 'مدير التقنية', 'contact124@company.qa', '+974-4203-4655', '+974-5334-3024', True, 'المالية', 'en');
INSERT INTO contact_persons VALUES ('CNT003125', 'SME000216', 'مريم المري', 'المدير التنفيذي', 'contact125@company.qa', '+974-4828-2991', '+974-4238-2522', True, 'المالية', 'ar');
INSERT INTO contact_persons VALUES ('CNT003126', 'SME000217', 'عبدالله الأنصاري', 'مدير التقنية', 'contact126@company.qa', '+974-4790-6988', '+974-4981-3528', True, 'التقني', 'ar');
INSERT INTO contact_persons VALUES ('CNT003127', 'SME000218', 'علي الثاني', 'المدير المالي', 'contact127@company.qa', '+974-4494-8236', '+974-5924-7542', True, 'تقنية المعلومات', 'ar');
INSERT INTO contact_persons VALUES ('CNT003128', 'SME000219', 'محمد العطية', 'المدير المالي', 'contact128@company.qa', '+974-4956-3198', '+974-3397-7138', True, 'التقني', 'en');
INSERT INTO contact_persons VALUES ('CNT003129', 'SME000220', 'نورة العطية', 'مدير تقنية المعلومات', 'contact129@company.qa', '+974-4057-2080', '+974-3587-3724', True, 'المالية', 'en');
INSERT INTO contact_persons VALUES ('CNT003130', 'SME000221', 'خالد العطية', 'مدير العمليات', 'contact130@company.qa', '+974-4621-1834', '+974-6627-6534', True, 'تقنية المعلومات', 'en');
INSERT INTO contact_persons VALUES ('CNT003131', 'SME000222', 'خالد العطية', 'مدير التقنية', 'contact131@company.qa', '+974-4804-4965', '+974-3596-8904', True, 'التقني', 'ar');
INSERT INTO contact_persons VALUES ('CNT003132', 'SME000223', 'عبدالله المهندي', 'مدير التقنية', 'contact132@company.qa', '+974-4527-9897', '+974-5971-6726', True, 'الإدارة', 'ar');
INSERT INTO contact_persons VALUES ('CNT003133', 'SME000224', 'نورة المهندي', 'المدير التنفيذي', 'contact133@company.qa', '+974-4234-3030', '+974-4058-7423', True, 'تقنية المعلومات', 'ar');
INSERT INTO contact_persons VALUES ('CNT003134', 'SME000225', 'نورة السليطي', 'المدير التنفيذي', 'contact134@company.qa', '+974-4772-6376', '+974-6096-2005', True, 'الإدارة', 'ar');
INSERT INTO contact_persons VALUES ('CNT003135', 'SME000226', 'علي المري', 'مدير التقنية', 'contact135@company.qa', '+974-4149-8561', '+974-5265-3425', True, 'تقنية المعلومات', 'ar');
INSERT INTO contact_persons VALUES ('CNT003136', 'SME000227', 'عبدالله السليطي', 'مدير تقنية المعلومات', 'contact136@company.qa', '+974-4720-5835', '+974-5026-1821', True, 'تقنية المعلومات', 'ar');
INSERT INTO contact_persons VALUES ('CNT003137', 'SME000228', 'أحمد السليطي', 'مدير تقنية المعلومات', 'contact137@company.qa', '+974-4718-7459', '+974-6923-5049', True, 'تقنية المعلومات', 'ar');
INSERT INTO contact_persons VALUES ('CNT003138', 'SME000229', 'فاطمة العطية', 'مدير التقنية', 'contact138@company.qa', '+974-4391-1226', '+974-6287-8437', True, 'الإدارة', 'ar');
INSERT INTO contact_persons VALUES ('CNT003139', 'SME000230', 'علي العطية', 'مدير العمليات', 'contact139@company.qa', '+974-4601-1266', '+974-6992-9367', True, 'العمليات', 'ar');
INSERT INTO contact_persons VALUES ('CNT003140', 'SME000231', 'نورة الثاني', 'قائد تقني', 'contact140@company.qa', '+974-4272-6599', '+974-4910-8011', True, 'العمليات', 'ar');
INSERT INTO contact_persons VALUES ('CNT003141', 'SME000232', 'مريم العطية', 'مدير العمليات', 'contact141@company.qa', '+974-4377-7311', '+974-3153-1536', True, 'التقني', 'en');
INSERT INTO contact_persons VALUES ('CNT003142', 'SME000233', 'فاطمة المهندي', 'مدير التقنية', 'contact142@company.qa', '+974-4914-4778', '+974-5438-7572', True, 'تقنية المعلومات', 'en');
INSERT INTO contact_persons VALUES ('CNT003143', 'SME000234', 'فاطمة العطية', 'مدير تقنية المعلومات', 'contact143@company.qa', '+974-4957-6679', '+974-4543-8840', True, 'المالية', 'en');
INSERT INTO contact_persons VALUES ('CNT003144', 'SME000235', 'عبدالله العطية', 'مدير التقنية', 'contact144@company.qa', '+974-4922-2443', '+974-6955-3854', True, 'المالية', 'ar');
INSERT INTO contact_persons VALUES ('CNT003145', 'SME000236', 'أحمد الدوسري', 'المدير المالي', 'contact145@company.qa', '+974-4698-7478', '+974-4015-7011', True, 'التقني', 'en');
INSERT INTO contact_persons VALUES ('CNT003146', 'SME000237', 'علي السليطي', 'مدير التقنية', 'contact146@company.qa', '+974-4429-8738', '+974-4092-4424', True, 'العمليات', 'ar');
INSERT INTO contact_persons VALUES ('CNT003147', 'SME000238', 'خالد الأنصاري', 'مدير التقنية', 'contact147@company.qa', '+974-4622-7380', '+974-6547-9973', True, 'تقنية المعلومات', 'en');
INSERT INTO contact_persons VALUES ('CNT003148', 'SME000239', 'أحمد الدوسري', 'المدير التنفيذي', 'contact148@company.qa', '+974-4935-7689', '+974-5284-7470', True, 'التقني', 'en');
INSERT INTO contact_persons VALUES ('CNT003149', 'SME000240', 'مريم الثاني', 'مدير التقنية', 'contact149@company.qa', '+974-4592-6768', '+974-6893-3037', True, 'تقنية المعلومات', 'en');
INSERT INTO contact_persons VALUES ('CNT003150', 'SME000241', 'فاطمة المهندي', 'مدير تقنية المعلومات', 'contact150@company.qa', '+974-4063-6511', '+974-5195-5882', True, 'المالية', 'ar');
INSERT INTO contact_persons VALUES ('CNT003151', 'SME000242', 'فاطمة العطية', 'مدير التقنية', 'contact151@company.qa', '+974-4143-8454', '+974-6882-8367', True, 'العمليات', 'en');
INSERT INTO contact_persons VALUES ('CNT003152', 'SME000243', 'عبدالله المهندي', 'المدير التنفيذي', 'contact152@company.qa', '+974-4452-8448', '+974-3673-6549', True, 'المالية', 'ar');
INSERT INTO contact_persons VALUES ('CNT003153', 'SME000244', 'فاطمة الأنصاري', 'المدير المالي', 'contact153@company.qa', '+974-4337-5604', '+974-5151-9398', True, 'المالية', 'ar');
INSERT INTO contact_persons VALUES ('CNT003154', 'SME000245', 'محمد الثاني', 'مدير تقنية المعلومات', 'contact154@company.qa', '+974-4036-5178', '+974-5824-2848', True, 'تقنية المعلومات', 'ar');
INSERT INTO contact_persons VALUES ('CNT003155', 'SME000246', 'محمد العطية', 'مدير التقنية', 'contact155@company.qa', '+974-4350-1072', '+974-5584-2440', True, 'المالية', 'ar');
INSERT INTO contact_persons VALUES ('CNT003156', 'SME000247', 'علي المهندي', 'المدير التنفيذي', 'contact156@company.qa', '+974-4393-9630', '+974-4496-2161', True, 'تقنية المعلومات', 'en');
INSERT INTO contact_persons VALUES ('CNT003157', 'SME000248', 'سارة الدوسري', 'مدير التقنية', 'contact157@company.qa', '+974-4033-7055', '+974-3622-1934', True, 'المالية', 'ar');
INSERT INTO contact_persons VALUES ('CNT003158', 'SME000249', 'فاطمة العطية', 'مدير تقنية المعلومات', 'contact158@company.qa', '+974-4485-2352', '+974-6481-2710', True, 'التقني', 'ar');
INSERT INTO contact_persons VALUES ('CNT003159', 'SME000250', 'خالد السليطي', 'المدير المالي', 'contact159@company.qa', '+974-4809-8886', '+974-5541-3040', True, 'العمليات', 'ar');
INSERT INTO contact_persons VALUES ('CNT003160', 'SME000251', 'مريم الثاني', 'مدير التقنية', 'contact160@company.qa', '+974-4891-1330', '+974-5107-8326', True, 'العمليات', 'ar');
INSERT INTO contact_persons VALUES ('CNT003161', 'SME000252', 'فاطمة المري', 'مدير تقنية المعلومات', 'contact161@company.qa', '+974-4821-6657', '+974-3203-2901', True, 'التقني', 'ar');
INSERT INTO contact_persons VALUES ('CNT003162', 'SME000253', 'خالد المهندي', 'مدير التقنية', 'contact162@company.qa', '+974-4918-6355', '+974-6514-7646', True, 'تقنية المعلومات', 'en');
INSERT INTO contact_persons VALUES ('CNT003163', 'SME000254', 'خالد الدوسري', 'مدير التقنية', 'contact163@company.qa', '+974-4917-5177', '+974-6745-5855', True, 'الإدارة', 'ar');
INSERT INTO contact_persons VALUES ('CNT003164', 'SME000255', 'مريم الأنصاري', 'مدير تقنية المعلومات', 'contact164@company.qa', '+974-4825-2591', '+974-4319-8439', True, 'تقنية المعلومات', 'ar');
INSERT INTO contact_persons VALUES ('CNT003165', 'SME000256', 'علي الثاني', 'قائد تقني', 'contact165@company.qa', '+974-4701-9261', '+974-4068-5979', True, 'تقنية المعلومات', 'en');
INSERT INTO contact_persons VALUES ('CNT003166', 'SME000257', 'سارة المهندي', 'المدير التنفيذي', 'contact166@company.qa', '+974-4533-5523', '+974-6194-4628', True, 'المالية', 'ar');
INSERT INTO contact_persons VALUES ('CNT003167', 'SME000258', 'سارة الكواري', 'المدير المالي', 'contact167@company.qa', '+974-4370-7819', '+974-6991-6925', True, 'المالية', 'en');
INSERT INTO contact_persons VALUES ('CNT003168', 'SME000259', 'خالد الدوسري', 'المدير المالي', 'contact168@company.qa', '+974-4079-4024', '+974-5795-8779', True, 'تقنية المعلومات', 'en');
INSERT INTO contact_persons VALUES ('CNT003169', 'SME000260', 'خالد الدوسري', 'مدير العمليات', 'contact169@company.qa', '+974-4228-8522', '+974-3838-2662', True, 'المالية', 'ar');
INSERT INTO contact_persons VALUES ('CNT003170', 'SME000261', 'علي الدوسري', 'مدير العمليات', 'contact170@company.qa', '+974-4102-1419', '+974-6286-8434', True, 'العمليات', 'ar');
INSERT INTO contact_persons VALUES ('CNT003171', 'SME000262', 'مريم الثاني', 'المدير المالي', 'contact171@company.qa', '+974-4440-1781', '+974-5036-2412', True, 'التقني', 'en');
INSERT INTO contact_persons VALUES ('CNT003172', 'SME000263', 'نورة الكواري', 'المدير التنفيذي', 'contact172@company.qa', '+974-4557-3159', '+974-6454-6114', True, 'العمليات', 'ar');
INSERT INTO contact_persons VALUES ('CNT003173', 'SME000264', 'مريم السليطي', 'قائد تقني', 'contact173@company.qa', '+974-4757-7854', '+974-3526-6620', True, 'الإدارة', 'en');
INSERT INTO contact_persons VALUES ('CNT003174', 'SME000265', 'عبدالله الأنصاري', 'المدير المالي', 'contact174@company.qa', '+974-4131-7943', '+974-3369-8221', True, 'التقني', 'ar');
INSERT INTO contact_persons VALUES ('CNT003175', 'SME000266', 'علي الدوسري', 'مدير تقنية المعلومات', 'contact175@company.qa', '+974-4499-5594', '+974-3475-9697', True, 'المالية', 'ar');
INSERT INTO contact_persons VALUES ('CNT003176', 'SME000267', 'عائشة المهندي', 'المدير التنفيذي', 'contact176@company.qa', '+974-4701-5966', '+974-6413-6985', True, 'تقنية المعلومات', 'ar');
INSERT INTO contact_persons VALUES ('CNT003177', 'SME000268', 'مريم السليطي', 'مدير التقنية', 'contact177@company.qa', '+974-4294-9151', '+974-4657-9386', True, 'التقني', 'en');
INSERT INTO contact_persons VALUES ('CNT003178', 'SME000269', 'فاطمة الكواري', 'مدير تقنية المعلومات', 'contact178@company.qa', '+974-4098-7364', '+974-4778-4930', True, 'تقنية المعلومات', 'en');
INSERT INTO contact_persons VALUES ('CNT003179', 'SME000270', 'علي الكواري', 'المدير التنفيذي', 'contact179@company.qa', '+974-4611-2629', '+974-5151-9676', True, 'تقنية المعلومات', 'ar');

-- جدول استخدام الخدمات
CREATE TABLE IF NOT EXISTS service_usage (
    usage_id TEXT(20) PRIMARY KEY,
    customer_id TEXT(20) NOT NULL,
    month_year TEXT(7) NOT NULL,
    bandwidth_usage_gb REAL(10, 2),
    cloud_compute_hours REAL(10, 2),
    cloud_storage_gb REAL(10, 2),
    iot_device_count INT,
    iot_data_usage_mb REAL(10, 2),
    api_calls INT,
    support_tickets_count INT,
    total_charges REAL(10, 2),
    FOREIGN KEY (customer_id) REFERENCES customers(customer_id)
);

INSERT INTO service_usage VALUES ('USG002000', 'SME000201', '2024-03', 2953.87, 60.6, 502.4, 320, 26848.69, 48363, 9, 5358.9);
INSERT INTO service_usage VALUES ('USG002001', 'SME000202', '2024-04', 635.67, 564.36, 200.07, 224, 28461.6, 80704, 3, 3537.27);
INSERT INTO service_usage VALUES ('USG002002', 'SME000203', '2024-02', 387.28, 147.1, 1382.69, 234, 1746.46, 36589, 4, 5428.62);
INSERT INTO service_usage VALUES ('USG002003', 'SME000204', '2024-10', 3636.71, 873.81, 1539.55, 276, 48419.79, 9660, 8, 1204.93);
INSERT INTO service_usage VALUES ('USG002004', 'SME000205', '2024-06', 327.47, 483.06, 972.42, 369, 22504.73, 34621, 4, 6053.16);
INSERT INTO service_usage VALUES ('USG002005', 'SME000206', '2024-04', 391.83, 282.44, 1679.62, 0, 1397.45, 39469, 1, 2471.55);
INSERT INTO service_usage VALUES ('USG002006', 'SME000207', '2024-07', 545.01, 963.87, 1688.59, 19, 4708.73, 85888, 2, 1111.78);
INSERT INTO service_usage VALUES ('USG002007', 'SME000208', '2024-06', 455.35, 961.63, 194.5, 25, 29094.1, 24650, 1, 6164.29);
INSERT INTO service_usage VALUES ('USG002008', 'SME000209', '2024-08', 1332.52, 200.8, 268.44, 302, 3549.21, 62076, 6, 4923.53);
INSERT INTO service_usage VALUES ('USG002009', 'SME000210', '2024-08', 3297.56, 792.89, 1986.44, 363, 48175.61, 19866, 6, 2320.65);
INSERT INTO service_usage VALUES ('USG002010', 'SME000211', '2024-02', 3021.37, 912.81, 1471.42, 209, 39648.8, 28356, 1, 4673.67);
INSERT INTO service_usage VALUES ('USG002011', 'SME000212', '2024-02', 1823.23, 753.7, 1940.78, 219, 36436.98, 78013, 4, 5171.18);
INSERT INTO service_usage VALUES ('USG002012', 'SME000213', '2024-08', 4361.32, 498.84, 261.04, 134, 17414.81, 22917, 8, 7462.82);
INSERT INTO service_usage VALUES ('USG002013', 'SME000214', '2024-01', 96.31, 342.06, 1928.87, 255, 49950.71, 37571, 3, 5406.14);
INSERT INTO service_usage VALUES ('USG002014', 'SME000215', '2024-01', 2280.28, 130.95, 235.02, 132, 33910.94, 65907, 10, 1511.31);
INSERT INTO service_usage VALUES ('USG002015', 'SME000216', '2024-09', 1367.43, 310.94, 976.53, 479, 31165.86, 3486, 5, 7911.23);
INSERT INTO service_usage VALUES ('USG002016', 'SME000217', '2024-03', 4527.5, 555.98, 497.14, 285, 18931.93, 2723, 4, 5078.26);
INSERT INTO service_usage VALUES ('USG002017', 'SME000218', '2024-02', 118.06, 893.11, 1320.27, 464, 42867.33, 45551, 4, 6989.54);
INSERT INTO service_usage VALUES ('USG002018', 'SME000219', '2024-01', 1401.64, 826.79, 1988.4, 39, 6004.92, 44036, 10, 6140.53);
INSERT INTO service_usage VALUES ('USG002019', 'SME000220', '2024-01', 3466.2, 263.62, 600.78, 230, 21235.34, 86955, 5, 5353.07);
INSERT INTO service_usage VALUES ('USG002020', 'SME000221', '2024-05', 3208.14, 391.98, 934.16, 374, 29635.04, 51242, 2, 7139.76);
INSERT INTO service_usage VALUES ('USG002021', 'SME000222', '2024-03', 4410.81, 942.45, 1758.31, 148, 16899.9, 34720, 2, 3403.82);
INSERT INTO service_usage VALUES ('USG002022', 'SME000223', '2024-07', 2370.55, 835.06, 872.71, 194, 27348.66, 61655, 0, 4209.64);
INSERT INTO service_usage VALUES ('USG002023', 'SME000224', '2024-06', 292.55, 800.08, 1926.2, 251, 37436.0, 42830, 6, 953.61);
INSERT INTO service_usage VALUES ('USG002024', 'SME000225', '2024-05', 1333.66, 773.46, 1350.49, 193, 32840.62, 57246, 4, 3079.76);
INSERT INTO service_usage VALUES ('USG002025', 'SME000226', '2024-10', 4962.21, 423.79, 277.94, 384, 22949.34, 50768, 10, 4561.55);
INSERT INTO service_usage VALUES ('USG002026', 'SME000227', '2024-07', 3193.94, 316.47, 1682.66, 285, 44482.55, 99563, 2, 5665.75);
INSERT INTO service_usage VALUES ('USG002027', 'SME000228', '2024-06', 4568.69, 157.72, 1511.76, 412, 16332.54, 49080, 1, 5058.37);
INSERT INTO service_usage VALUES ('USG002028', 'SME000229', '2024-09', 2472.52, 903.8, 263.63, 480, 11232.45, 40716, 9, 2631.15);
INSERT INTO service_usage VALUES ('USG002029', 'SME000230', '2024-02', 348.33, 455.68, 793.68, 382, 19807.07, 68912, 3, 6471.42);
INSERT INTO service_usage VALUES ('USG002030', 'SME000231', '2024-04', 2621.76, 354.1, 1450.57, 20, 39260.08, 14773, 10, 3373.33);
INSERT INTO service_usage VALUES ('USG002031', 'SME000232', '2024-05', 1973.31, 7.5, 1829.32, 81, 18573.56, 26645, 10, 1163.84);
INSERT INTO service_usage VALUES ('USG002032', 'SME000233', '2024-03', 2594.7, 529.43, 586.47, 364, 31415.67, 82385, 6, 2941.38);
INSERT INTO service_usage VALUES ('USG002033', 'SME000234', '2024-05', 2713.17, 262.71, 803.21, 441, 16003.62, 34127, 6, 6530.26);
INSERT INTO service_usage VALUES ('USG002034', 'SME000235', '2024-10', 2020.55, 997.24, 1742.7, 367, 45597.86, 23150, 9, 6642.56);
INSERT INTO service_usage VALUES ('USG002035', 'SME000236', '2024-03', 75.49, 499.66, 330.25, 280, 34972.42, 57566, 8, 5056.92);
INSERT INTO service_usage VALUES ('USG002036', 'SME000237', '2024-10', 1165.13, 645.55, 149.47, 466, 28818.13, 65202, 5, 567.18);
INSERT INTO service_usage VALUES ('USG002037', 'SME000238', '2024-05', 1224.7, 706.86, 114.02, 358, 44608.34, 70384, 5, 2496.32);
INSERT INTO service_usage VALUES ('USG002038', 'SME000239', '2024-09', 2435.0, 790.3, 1843.53, 85, 14979.88, 6539, 5, 5237.65);
INSERT INTO service_usage VALUES ('USG002039', 'SME000240', '2024-10', 2811.46, 734.62, 1654.15, 370, 16555.53, 8500, 4, 3484.86);
INSERT INTO service_usage VALUES ('USG002040', 'SME000241', '2024-06', 4490.54, 136.73, 368.36, 442, 7782.14, 46070, 9, 3968.67);
INSERT INTO service_usage VALUES ('USG002041', 'SME000242', '2024-05', 164.23, 628.36, 1446.54, 310, 23523.37, 85563, 6, 2245.27);
INSERT INTO service_usage VALUES ('USG002042', 'SME000243', '2024-02', 624.7, 601.3, 1309.81, 71, 30690.1, 53339, 8, 2974.47);
INSERT INTO service_usage VALUES ('USG002043', 'SME000244', '2024-07', 2972.33, 199.67, 645.77, 306, 6616.17, 15567, 2, 4787.12);
INSERT INTO service_usage VALUES ('USG002044', 'SME000245', '2024-03', 4762.25, 152.57, 855.66, 128, 6095.57, 11632, 8, 2927.39);
INSERT INTO service_usage VALUES ('USG002045', 'SME000246', '2024-03', 1723.02, 500.77, 1967.43, 451, 4608.36, 92420, 6, 789.01);
INSERT INTO service_usage VALUES ('USG002046', 'SME000247', '2024-09', 3862.35, 519.01, 1198.02, 182, 4671.97, 49914, 0, 5369.33);
INSERT INTO service_usage VALUES ('USG002047', 'SME000248', '2024-03', 499.33, 96.58, 676.3, 307, 15069.71, 39985, 8, 575.96);
INSERT INTO service_usage VALUES ('USG002048', 'SME000249', '2024-05', 2149.49, 868.59, 1797.1, 287, 46271.8, 58745, 9, 5271.96);
INSERT INTO service_usage VALUES ('USG002049', 'SME000250', '2024-10', 4232.48, 709.57, 334.2, 457, 26286.86, 2077, 0, 5112.87);
INSERT INTO service_usage VALUES ('USG002050', 'SME000251', '2024-02', 172.85, 812.75, 1552.03, 155, 46414.51, 87824, 10, 6117.69);
INSERT INTO service_usage VALUES ('USG002051', 'SME000252', '2024-01', 1345.67, 512.19, 1860.76, 443, 33686.66, 74161, 5, 6917.58);
INSERT INTO service_usage VALUES ('USG002052', 'SME000253', '2024-04', 1592.62, 491.8, 1885.26, 3, 27589.47, 77902, 9, 3865.46);
INSERT INTO service_usage VALUES ('USG002053', 'SME000254', '2024-09', 733.75, 710.52, 108.1, 286, 6078.35, 50506, 8, 2074.94);
INSERT INTO service_usage VALUES ('USG002054', 'SME000255', '2024-06', 1412.16, 331.4, 234.23, 206, 12104.26, 13988, 8, 2706.34);
INSERT INTO service_usage VALUES ('USG002055', 'SME000256', '2024-04', 3440.6, 255.61, 1069.39, 126, 9459.58, 84617, 10, 3504.4);
INSERT INTO service_usage VALUES ('USG002056', 'SME000257', '2024-03', 180.13, 353.2, 60.06, 159, 19675.94, 69761, 10, 4898.28);
INSERT INTO service_usage VALUES ('USG002057', 'SME000258', '2024-04', 2108.73, 709.03, 1677.53, 12, 43483.59, 56733, 4, 5551.68);
INSERT INTO service_usage VALUES ('USG002058', 'SME000259', '2024-01', 4904.41, 493.01, 792.59, 177, 1051.7, 90249, 10, 6659.18);
INSERT INTO service_usage VALUES ('USG002059', 'SME000260', '2024-03', 4956.53, 0.09, 861.51, 170, 11254.04, 93455, 7, 1221.51);
INSERT INTO service_usage VALUES ('USG002060', 'SME000261', '2024-06', 3836.54, 964.68, 301.4, 415, 2442.98, 72056, 4, 6515.1);
INSERT INTO service_usage VALUES ('USG002061', 'SME000262', '2024-08', 3256.94, 834.68, 51.03, 16, 43198.79, 99246, 4, 7929.74);
INSERT INTO service_usage VALUES ('USG002062', 'SME000263', '2024-02', 3339.26, 453.83, 1822.9, 500, 15629.02, 94039, 3, 1922.32);
INSERT INTO service_usage VALUES ('USG002063', 'SME000264', '2024-08', 2485.82, 481.29, 1013.8, 442, 23236.91, 43684, 5, 6284.26);
INSERT INTO service_usage VALUES ('USG002064', 'SME000265', '2024-08', 1795.06, 228.65, 1987.89, 384, 4230.08, 87798, 8, 6345.85);
INSERT INTO service_usage VALUES ('USG002065', 'SME000266', '2024-09', 2315.02, 571.88, 303.67, 314, 11810.58, 60986, 5, 1369.09);
INSERT INTO service_usage VALUES ('USG002066', 'SME000267', '2024-05', 2893.64, 526.29, 1638.57, 22, 46222.67, 51589, 2, 4563.66);
INSERT INTO service_usage VALUES ('USG002067', 'SME000268', '2024-01', 2237.32, 764.05, 1963.87, 164, 7700.11, 77783, 8, 2523.87);
INSERT INTO service_usage VALUES ('USG002068', 'SME000269', '2024-03', 2321.32, 660.1, 1990.3, 238, 5702.89, 65446, 0, 6894.56);
INSERT INTO service_usage VALUES ('USG002069', 'SME000270', '2024-03', 1243.59, 759.43, 498.61, 70, 23836.92, 55050, 8, 509.45);
INSERT INTO service_usage VALUES ('USG002070', 'SME000271', '2024-07', 2252.59, 785.6, 1533.11, 16, 31946.13, 59917, 1, 2384.35);
INSERT INTO service_usage VALUES ('USG002071', 'SME000272', '2024-08', 584.94, 160.53, 432.15, 247, 48686.27, 79748, 10, 6162.53);
INSERT INTO service_usage VALUES ('USG002072', 'SME000273', '2024-07', 2804.19, 619.93, 1169.56, 425, 27556.37, 20501, 0, 621.1);
INSERT INTO service_usage VALUES ('USG002073', 'SME000274', '2024-03', 1248.57, 781.98, 483.88, 157, 15865.87, 31208, 10, 4177.62);
INSERT INTO service_usage VALUES ('USG002074', 'SME000275', '2024-08', 2306.24, 79.82, 616.3, 422, 2494.2, 44905, 5, 7853.76);
INSERT INTO service_usage VALUES ('USG002075', 'SME000276', '2024-02', 1963.29, 17.57, 630.89, 245, 26838.62, 58590, 7, 608.76);
INSERT INTO service_usage VALUES ('USG002076', 'SME000277', '2024-10', 2299.29, 948.35, 1995.33, 373, 1016.06, 1919, 4, 7248.24);
INSERT INTO service_usage VALUES ('USG002077', 'SME000278', '2024-06', 3923.68, 760.52, 1725.47, 243, 44800.31, 55838, 8, 622.11);
INSERT INTO service_usage VALUES ('USG002078', 'SME000279', '2024-04', 1605.03, 965.0, 149.91, 323, 4942.07, 89420, 8, 1815.5);
INSERT INTO service_usage VALUES ('USG002079', 'SME000280', '2024-08', 1025.87, 448.9, 1802.64, 337, 48292.64, 82007, 6, 4075.18);
INSERT INTO service_usage VALUES ('USG002080', 'SME000281', '2024-07', 92.26, 898.89, 1820.43, 379, 34688.13, 54110, 1, 4681.45);
INSERT INTO service_usage VALUES ('USG002081', 'SME000282', '2024-08', 4849.86, 522.21, 312.13, 199, 48779.41, 79213, 1, 7057.12);
INSERT INTO service_usage VALUES ('USG002082', 'SME000283', '2024-10', 480.94, 750.35, 200.33, 93, 7236.88, 25205, 8, 5314.89);
INSERT INTO service_usage VALUES ('USG002083', 'SME000284', '2024-03', 4663.7, 905.49, 954.08, 31, 34479.37, 27640, 10, 4632.19);
INSERT INTO service_usage VALUES ('USG002084', 'SME000285', '2024-07', 1295.13, 736.85, 17.42, 443, 10201.09, 48964, 4, 1824.82);
INSERT INTO service_usage VALUES ('USG002085', 'SME000286', '2024-03', 4575.83, 465.04, 723.06, 182, 38266.1, 24321, 3, 3532.79);
INSERT INTO service_usage VALUES ('USG002086', 'SME000287', '2024-04', 3154.75, 592.72, 493.74, 258, 17849.81, 98225, 7, 3780.2);
INSERT INTO service_usage VALUES ('USG002087', 'SME000288', '2024-04', 928.73, 232.87, 1444.82, 97, 23818.13, 94260, 6, 717.41);
INSERT INTO service_usage VALUES ('USG002088', 'SME000289', '2024-09', 4458.03, 599.11, 267.37, 181, 18697.48, 75915, 4, 3269.08);
INSERT INTO service_usage VALUES ('USG002089', 'SME000290', '2024-09', 4016.21, 84.04, 729.73, 440, 42698.9, 21978, 6, 1949.94);
INSERT INTO service_usage VALUES ('USG002090', 'SME000291', '2024-05', 4857.97, 545.87, 1195.93, 60, 49216.83, 2926, 7, 6433.29);
INSERT INTO service_usage VALUES ('USG002091', 'SME000292', '2024-04', 3394.39, 24.22, 1813.01, 286, 48100.4, 78993, 7, 7164.84);
INSERT INTO service_usage VALUES ('USG002092', 'SME000293', '2024-07', 1252.83, 914.15, 1072.69, 109, 34154.15, 95161, 10, 5162.64);
INSERT INTO service_usage VALUES ('USG002093', 'SME000294', '2024-06', 4051.74, 962.76, 1225.37, 428, 22970.98, 44819, 4, 3269.9);
INSERT INTO service_usage VALUES ('USG002094', 'SME000295', '2024-03', 660.01, 864.29, 1394.96, 297, 21873.91, 26431, 8, 2860.86);
INSERT INTO service_usage VALUES ('USG002095', 'SME000296', '2024-09', 1595.16, 423.74, 384.08, 151, 19655.43, 63850, 6, 2559.47);
INSERT INTO service_usage VALUES ('USG002096', 'SME000297', '2024-04', 2349.36, 78.39, 1691.9, 155, 9741.65, 88952, 5, 6579.02);
INSERT INTO service_usage VALUES ('USG002097', 'SME000298', '2024-10', 2042.94, 30.8, 1443.65, 245, 2624.66, 993, 9, 559.21);
INSERT INTO service_usage VALUES ('USG002098', 'SME000299', '2024-02', 3439.75, 427.08, 1439.19, 189, 47907.84, 62704, 8, 7917.01);
INSERT INTO service_usage VALUES ('USG002099', 'SME000300', '2024-03', 2457.1, 431.94, 979.83, 174, 29082.07, 5115, 9, 2747.12);
INSERT INTO service_usage VALUES ('USG002100', 'SME000301', '2024-10', 4389.48, 894.08, 624.94, 433, 28085.01, 71591, 9, 5426.62);
INSERT INTO service_usage VALUES ('USG002101', 'SME000302', '2024-04', 1110.32, 77.41, 682.85, 231, 16150.05, 68581, 7, 2757.2);
INSERT INTO service_usage VALUES ('USG002102', 'SME000303', '2024-03', 2612.93, 176.71, 230.4, 499, 25172.46, 33571, 6, 5732.0);
INSERT INTO service_usage VALUES ('USG002103', 'SME000304', '2024-02', 598.0, 839.29, 467.64, 347, 7488.07, 90119, 1, 831.34);
INSERT INTO service_usage VALUES ('USG002104', 'SME000305', '2024-05', 957.31, 536.09, 1041.98, 323, 2842.68, 61564, 5, 3851.43);
INSERT INTO service_usage VALUES ('USG002105', 'SME000306', '2024-01', 526.16, 389.12, 362.79, 428, 41888.53, 84695, 4, 3756.82);
INSERT INTO service_usage VALUES ('USG002106', 'SME000307', '2024-09', 1256.57, 475.04, 1316.98, 224, 7602.77, 30001, 4, 5209.73);
INSERT INTO service_usage VALUES ('USG002107', 'SME000308', '2024-09', 676.46, 178.05, 1829.72, 19, 13280.45, 98174, 2, 4971.47);
INSERT INTO service_usage VALUES ('USG002108', 'SME000309', '2024-07', 4577.61, 133.59, 639.5, 468, 437.03, 49219, 10, 614.81);
INSERT INTO service_usage VALUES ('USG002109', 'SME000310', '2024-08', 1292.07, 980.03, 1774.24, 253, 30941.08, 39196, 9, 4238.02);
INSERT INTO service_usage VALUES ('USG002110', 'SME000201', '2024-04', 2544.39, 792.28, 1858.65, 416, 44743.77, 19459, 6, 3782.04);
INSERT INTO service_usage VALUES ('USG002111', 'SME000202', '2024-01', 2126.91, 512.52, 528.53, 476, 32509.93, 26274, 7, 3842.96);
INSERT INTO service_usage VALUES ('USG002112', 'SME000203', '2024-06', 4944.02, 270.25, 1010.62, 497, 39491.23, 21380, 7, 990.24);
INSERT INTO service_usage VALUES ('USG002113', 'SME000204', '2024-09', 349.11, 741.55, 1773.09, 101, 32564.97, 45760, 10, 1917.07);
INSERT INTO service_usage VALUES ('USG002114', 'SME000205', '2024-07', 2822.87, 13.7, 1772.86, 113, 33578.75, 38101, 2, 1037.14);
INSERT INTO service_usage VALUES ('USG002115', 'SME000206', '2024-09', 78.52, 896.44, 799.63, 420, 18961.73, 37277, 7, 3811.06);
INSERT INTO service_usage VALUES ('USG002116', 'SME000207', '2024-01', 1125.4, 840.94, 638.61, 282, 31634.24, 62622, 5, 7089.53);
INSERT INTO service_usage VALUES ('USG002117', 'SME000208', '2024-05', 3372.59, 789.44, 273.64, 40, 17854.66, 83816, 4, 4017.75);
INSERT INTO service_usage VALUES ('USG002118', 'SME000209', '2024-09', 1895.17, 643.68, 717.67, 303, 492.95, 32992, 2, 6276.49);
INSERT INTO service_usage VALUES ('USG002119', 'SME000210', '2024-05', 2934.0, 951.05, 275.93, 436, 13906.9, 56601, 6, 3635.38);
INSERT INTO service_usage VALUES ('USG002120', 'SME000211', '2024-08', 3107.39, 579.6, 1724.47, 382, 11545.58, 6380, 8, 3287.87);
INSERT INTO service_usage VALUES ('USG002121', 'SME000212', '2024-05', 2202.48, 634.64, 1203.03, 139, 7273.72, 99775, 6, 4718.38);
INSERT INTO service_usage VALUES ('USG002122', 'SME000213', '2024-09', 3138.07, 410.96, 269.51, 154, 35037.31, 36531, 10, 5065.46);
INSERT INTO service_usage VALUES ('USG002123', 'SME000214', '2024-01', 4339.03, 208.65, 1030.44, 444, 40654.68, 35491, 1, 4474.72);
INSERT INTO service_usage VALUES ('USG002124', 'SME000215', '2024-09', 1877.61, 685.5, 1971.24, 156, 6936.4, 56471, 9, 2780.41);
INSERT INTO service_usage VALUES ('USG002125', 'SME000216', '2024-09', 3593.46, 458.41, 1316.05, 89, 30322.21, 50225, 7, 3973.2);
INSERT INTO service_usage VALUES ('USG002126', 'SME000217', '2024-04', 1169.43, 794.6, 1914.89, 220, 48232.44, 6278, 8, 6536.49);
INSERT INTO service_usage VALUES ('USG002127', 'SME000218', '2024-08', 2526.45, 619.86, 1413.09, 226, 30235.2, 3472, 5, 2579.94);
INSERT INTO service_usage VALUES ('USG002128', 'SME000219', '2024-02', 200.29, 657.12, 1057.87, 399, 5226.99, 88724, 10, 2942.69);
INSERT INTO service_usage VALUES ('USG002129', 'SME000220', '2024-05', 2065.78, 541.61, 107.28, 169, 45314.38, 55470, 6, 2388.82);
INSERT INTO service_usage VALUES ('USG002130', 'SME000221', '2024-07', 1631.47, 215.29, 1983.94, 212, 35072.92, 63266, 1, 2332.02);
INSERT INTO service_usage VALUES ('USG002131', 'SME000222', '2024-02', 91.56, 292.66, 1784.47, 414, 2891.12, 19796, 10, 1001.0);
INSERT INTO service_usage VALUES ('USG002132', 'SME000223', '2024-06', 2714.09, 248.89, 1316.24, 68, 30989.86, 96796, 7, 5771.64);
INSERT INTO service_usage VALUES ('USG002133', 'SME000224', '2024-03', 3931.95, 412.06, 523.59, 43, 30048.58, 95845, 7, 4676.55);
INSERT INTO service_usage VALUES ('USG002134', 'SME000225', '2024-04', 3946.9, 228.21, 672.22, 396, 18238.49, 63820, 5, 5785.09);
INSERT INTO service_usage VALUES ('USG002135', 'SME000226', '2024-07', 2313.87, 159.0, 1844.88, 41, 20752.71, 84585, 9, 3672.84);
INSERT INTO service_usage VALUES ('USG002136', 'SME000227', '2024-10', 2888.72, 882.82, 287.0, 182, 37549.31, 52720, 3, 5413.44);
INSERT INTO service_usage VALUES ('USG002137', 'SME000228', '2024-09', 1460.47, 557.58, 1907.55, 390, 4262.95, 45790, 8, 7822.9);
INSERT INTO service_usage VALUES ('USG002138', 'SME000229', '2024-06', 4990.68, 565.5, 845.87, 488, 27406.86, 18857, 8, 5594.54);
INSERT INTO service_usage VALUES ('USG002139', 'SME000230', '2024-10', 2346.72, 923.54, 1299.78, 287, 19419.24, 19511, 1, 5030.35);
INSERT INTO service_usage VALUES ('USG002140', 'SME000231', '2024-04', 3952.13, 520.7, 817.48, 270, 1918.27, 36050, 6, 7621.66);
INSERT INTO service_usage VALUES ('USG002141', 'SME000232', '2024-09', 1657.27, 209.38, 387.02, 442, 8149.14, 85612, 2, 2498.83);
INSERT INTO service_usage VALUES ('USG002142', 'SME000233', '2024-07', 2248.01, 618.4, 1579.27, 471, 49723.19, 64979, 8, 7810.81);
INSERT INTO service_usage VALUES ('USG002143', 'SME000234', '2024-03', 801.01, 695.41, 1478.79, 463, 22830.12, 56514, 8, 5709.59);
INSERT INTO service_usage VALUES ('USG002144', 'SME000235', '2024-06', 4749.1, 816.69, 953.21, 353, 17514.84, 27971, 9, 6475.26);
INSERT INTO service_usage VALUES ('USG002145', 'SME000236', '2024-08', 2750.29, 973.72, 437.86, 20, 2195.85, 66018, 2, 5060.89);
INSERT INTO service_usage VALUES ('USG002146', 'SME000237', '2024-04', 1016.66, 430.2, 1130.79, 76, 27685.97, 53411, 8, 3278.19);
INSERT INTO service_usage VALUES ('USG002147', 'SME000238', '2024-08', 4457.16, 531.5, 934.84, 355, 13872.34, 84686, 8, 5760.69);
INSERT INTO service_usage VALUES ('USG002148', 'SME000239', '2024-07', 4813.38, 457.95, 619.59, 54, 36389.04, 79930, 5, 2557.34);
INSERT INTO service_usage VALUES ('USG002149', 'SME000240', '2024-07', 3266.72, 909.4, 19.12, 72, 12496.42, 17972, 8, 7110.63);
INSERT INTO service_usage VALUES ('USG002150', 'SME000241', '2024-07', 3909.25, 413.32, 1634.33, 467, 18231.28, 87169, 1, 4993.0);
INSERT INTO service_usage VALUES ('USG002151', 'SME000242', '2024-05', 3731.58, 749.58, 204.55, 180, 501.94, 76412, 0, 3752.58);
INSERT INTO service_usage VALUES ('USG002152', 'SME000243', '2024-07', 3025.73, 619.69, 891.54, 178, 32120.66, 21098, 2, 4998.91);
INSERT INTO service_usage VALUES ('USG002153', 'SME000244', '2024-04', 1929.05, 98.86, 647.01, 263, 26010.45, 99285, 3, 6384.18);
INSERT INTO service_usage VALUES ('USG002154', 'SME000245', '2024-01', 3585.79, 5.17, 159.39, 20, 9292.01, 73899, 6, 6161.61);
INSERT INTO service_usage VALUES ('USG002155', 'SME000246', '2024-04', 4653.63, 229.29, 1587.29, 377, 6654.3, 33419, 2, 1536.37);
INSERT INTO service_usage VALUES ('USG002156', 'SME000247', '2024-06', 244.53, 759.7, 562.43, 401, 35922.33, 75434, 0, 1065.48);
INSERT INTO service_usage VALUES ('USG002157', 'SME000248', '2024-06', 1897.11, 181.88, 184.49, 66, 47532.11, 5059, 3, 7079.62);
INSERT INTO service_usage VALUES ('USG002158', 'SME000249', '2024-06', 3438.45, 243.26, 1843.35, 23, 4449.3, 67446, 5, 4987.38);
INSERT INTO service_usage VALUES ('USG002159', 'SME000250', '2024-03', 2610.88, 698.68, 1136.78, 393, 23457.08, 33501, 8, 1658.76);
INSERT INTO service_usage VALUES ('USG002160', 'SME000251', '2024-01', 4945.83, 515.69, 1505.2, 320, 45854.58, 92462, 9, 4928.45);
INSERT INTO service_usage VALUES ('USG002161', 'SME000252', '2024-03', 967.7, 470.24, 953.27, 455, 44583.92, 28856, 4, 6065.14);
INSERT INTO service_usage VALUES ('USG002162', 'SME000253', '2024-03', 3167.99, 866.84, 1236.78, 25, 18163.0, 72335, 3, 1202.99);
INSERT INTO service_usage VALUES ('USG002163', 'SME000254', '2024-07', 2037.01, 500.24, 942.77, 456, 46978.63, 55839, 10, 3944.54);
INSERT INTO service_usage VALUES ('USG002164', 'SME000255', '2024-07', 4803.53, 995.7, 157.68, 272, 254.06, 23024, 6, 816.06);
INSERT INTO service_usage VALUES ('USG002165', 'SME000256', '2024-09', 4170.37, 558.9, 1916.17, 130, 44544.26, 93991, 2, 7309.43);
INSERT INTO service_usage VALUES ('USG002166', 'SME000257', '2024-04', 4751.65, 135.96, 145.52, 44, 1494.95, 95590, 8, 1040.68);
INSERT INTO service_usage VALUES ('USG002167', 'SME000258', '2024-09', 4114.56, 885.52, 289.42, 146, 28522.77, 98666, 4, 7454.62);
INSERT INTO service_usage VALUES ('USG002168', 'SME000259', '2024-08', 3723.36, 80.52, 771.48, 65, 17770.19, 75057, 10, 5632.7);
INSERT INTO service_usage VALUES ('USG002169', 'SME000260', '2024-06', 4848.94, 365.96, 542.94, 482, 27898.02, 22915, 2, 809.94);
INSERT INTO service_usage VALUES ('USG002170', 'SME000261', '2024-02', 4992.6, 903.87, 559.76, 334, 34966.27, 63851, 7, 958.44);
INSERT INTO service_usage VALUES ('USG002171', 'SME000262', '2024-04', 817.8, 644.73, 752.96, 59, 30563.95, 93033, 0, 4631.43);
INSERT INTO service_usage VALUES ('USG002172', 'SME000263', '2024-08', 4147.02, 486.07, 379.36, 165, 9864.48, 48291, 6, 2653.12);
INSERT INTO service_usage VALUES ('USG002173', 'SME000264', '2024-03', 576.83, 13.67, 1430.33, 344, 42368.35, 51050, 10, 1932.71);
INSERT INTO service_usage VALUES ('USG002174', 'SME000265', '2024-08', 3836.63, 613.82, 882.8, 465, 44535.27, 93726, 0, 6472.81);
INSERT INTO service_usage VALUES ('USG002175', 'SME000266', '2024-01', 3076.24, 973.08, 17.23, 423, 15972.2, 39068, 4, 6445.27);
INSERT INTO service_usage VALUES ('USG002176', 'SME000267', '2024-07', 3451.12, 767.74, 1458.38, 87, 1947.39, 16533, 6, 4198.27);
INSERT INTO service_usage VALUES ('USG002177', 'SME000268', '2024-10', 1392.09, 384.26, 1723.91, 132, 44912.92, 85639, 9, 6261.29);
INSERT INTO service_usage VALUES ('USG002178', 'SME000269', '2024-07', 3853.98, 354.47, 1456.19, 230, 35651.85, 97063, 5, 3594.05);
INSERT INTO service_usage VALUES ('USG002179', 'SME000270', '2024-09', 3601.28, 98.93, 331.25, 79, 37376.53, 97037, 5, 2551.63);
INSERT INTO service_usage VALUES ('USG002180', 'SME000271', '2024-03', 1955.05, 299.45, 1822.68, 470, 6091.61, 89727, 9, 3136.87);
INSERT INTO service_usage VALUES ('USG002181', 'SME000272', '2024-01', 663.87, 54.72, 1099.0, 238, 42240.05, 66619, 3, 6508.72);
INSERT INTO service_usage VALUES ('USG002182', 'SME000273', '2024-03', 280.04, 769.57, 887.5, 34, 21092.63, 28051, 6, 1666.75);
INSERT INTO service_usage VALUES ('USG002183', 'SME000274', '2024-02', 2997.62, 313.85, 1615.54, 388, 45778.93, 13262, 9, 4540.67);
INSERT INTO service_usage VALUES ('USG002184', 'SME000275', '2024-07', 4600.92, 404.41, 1707.19, 144, 26482.37, 62763, 4, 5663.79);
INSERT INTO service_usage VALUES ('USG002185', 'SME000276', '2024-03', 3694.87, 385.39, 1421.4, 342, 1475.75, 90208, 2, 7292.9);
INSERT INTO service_usage VALUES ('USG002186', 'SME000277', '2024-02', 2104.0, 148.13, 1229.11, 149, 1919.65, 40780, 8, 4028.92);
INSERT INTO service_usage VALUES ('USG002187', 'SME000278', '2024-01', 3339.8, 194.47, 161.5, 429, 29950.62, 39458, 9, 1572.27);
INSERT INTO service_usage VALUES ('USG002188', 'SME000279', '2024-04', 2866.96, 821.69, 1316.06, 220, 24748.13, 83913, 6, 2988.6);
INSERT INTO service_usage VALUES ('USG002189', 'SME000280', '2024-04', 4294.46, 16.42, 350.15, 477, 18403.61, 19807, 4, 3594.13);
INSERT INTO service_usage VALUES ('USG002190', 'SME000281', '2024-01', 2600.32, 581.71, 1725.51, 321, 20944.56, 57804, 3, 6810.47);
INSERT INTO service_usage VALUES ('USG002191', 'SME000282', '2024-06', 637.52, 548.29, 265.04, 354, 22029.85, 56508, 4, 4157.55);
INSERT INTO service_usage VALUES ('USG002192', 'SME000283', '2024-05', 1973.27, 88.64, 659.99, 160, 31377.66, 13713, 4, 5304.62);
INSERT INTO service_usage VALUES ('USG002193', 'SME000284', '2024-03', 1412.42, 34.64, 875.41, 142, 3323.16, 31333, 1, 4380.58);
INSERT INTO service_usage VALUES ('USG002194', 'SME000285', '2024-07', 3133.42, 572.3, 1043.82, 297, 20591.83, 53040, 2, 5595.31);
INSERT INTO service_usage VALUES ('USG002195', 'SME000286', '2024-10', 4575.66, 364.03, 813.63, 75, 15749.87, 18299, 4, 4171.48);
INSERT INTO service_usage VALUES ('USG002196', 'SME000287', '2024-10', 512.32, 406.4, 149.03, 9, 32691.17, 86934, 2, 4223.35);
INSERT INTO service_usage VALUES ('USG002197', 'SME000288', '2024-10', 2236.33, 662.54, 316.11, 367, 36521.53, 16207, 9, 5928.68);
INSERT INTO service_usage VALUES ('USG002198', 'SME000289', '2024-05', 2853.4, 717.18, 1922.69, 381, 48351.41, 40349, 3, 1804.19);
INSERT INTO service_usage VALUES ('USG002199', 'SME000290', '2024-04', 625.1, 324.01, 739.61, 492, 35284.57, 97633, 8, 1344.45);
